Consultant_P_Hour,Consultant_ID,Project_ID,Allocation,Actual_Start_Date,Actual_End_Date,Holidays,Time_Off,Year,Month,Hours
1,40,17,Full-time,2023-05-05,2024-01-24,1,10,2023,5,155.76
2,40,17,Full-time,2023-05-05,2024-01-24,1,10,2023,6,172.73
3,40,17,Full-time,2023-05-05,2024-01-24,1,10,2023,7,148.07
4,40,17,Full-time,2023-05-05,2024-01-24,1,10,2023,8,133.53
5,40,17,Full-time,2023-05-05,2024-01-24,1,10,2023,9,154.69
6,40,17,Full-time,2023-05-05,2024-01-24,1,10,2023,10,157.0
7,40,17,Full-time,2023-05-05,2024-01-24,1,10,2023,11,182.34
8,40,17,Full-time,2023-05-05,2024-01-24,1,10,2023,12,171.62
9,40,17,Full-time,2023-05-05,2024-01-24,1,10,2023,12,120.53
10,26,19,Full-time,2023-10-24,2024-04-24,3,0,2023,10,139.62
11,26,19,Full-time,2023-10-24,2024-04-24,3,0,2023,11,118.0
12,26,19,Full-time,2023-10-24,2024-04-24,3,0,2023,12,165.02
13,26,19,Full-time,2023-10-24,2024-04-24,3,0,2024,1,148.07
14,26,19,Full-time,2023-10-24,2024-04-24,3,0,2024,2,158.23
15,26,19,Full-time,2023-10-24,2024-04-24,3,0,2024,3,128.06
16,26,19,Full-time,2023-10-24,2024-04-24,3,0,2024,4,166.9
17,8,14,Full-time,2024-08-01,2024-08-09,7,4,2024,8,131.52
18,1,18,Part-time,2024-11-11,2024-12-16,10,9,2024,11,78.19
19,1,18,Part-time,2024-11-11,2024-12-16,10,9,2024,12,78.29
20,36,13,Part-time,2023-12-07,2024-04-18,6,5,2023,12,93.27
21,36,13,Part-time,2023-12-07,2024-04-18,6,5,2024,1,80.11
22,36,13,Part-time,2023-12-07,2024-04-18,6,5,2024,2,87.64
23,36,13,Part-time,2023-12-07,2024-04-18,6,5,2024,3,68.23
24,36,13,Part-time,2023-12-07,2024-04-18,6,5,2024,4,86.64
25,5,1,Full-time,2024-05-17,2024-11-04,6,6,2024,5,181.35
26,5,1,Full-time,2024-05-17,2024-11-04,6,6,2024,6,176.52
27,5,1,Full-time,2024-05-17,2024-11-04,6,6,2024,7,130.98
28,5,1,Full-time,2024-05-17,2024-11-04,6,6,2024,8,124.8
29,5,1,Full-time,2024-05-17,2024-11-04,6,6,2024,9,160.47
30,5,1,Full-time,2024-05-17,2024-11-04,6,6,2024,10,169.53
31,24,18,Full-time,2023-04-15,2024-03-05,10,5,2023,4,116.4
32,24,18,Full-time,2023-04-15,2024-03-05,10,5,2023,5,123.95
33,24,18,Full-time,2023-04-15,2024-03-05,10,5,2023,6,175.95
34,24,18,Full-time,2023-04-15,2024-03-05,10,5,2023,7,123.87
35,24,18,Full-time,2023-04-15,2024-03-05,10,5,2023,8,107.54
36,24,18,Full-time,2023-04-15,2024-03-05,10,5,2023,9,170.68
37,24,18,Full-time,2023-04-15,2024-03-05,10,5,2023,10,122.53
38,24,18,Full-time,2023-04-15,2024-03-05,10,5,2023,11,184.11
39,24,18,Full-time,2023-04-15,2024-03-05,10,5,2023,12,125.03
40,24,18,Full-time,2023-04-15,2024-03-05,10,5,2024,1,137.72
41,24,18,Full-time,2023-04-15,2024-03-05,10,5,2024,2,168.98
42,7,2,Part-time,2024-03-06,2024-11-16,6,5,2024,3,68.06
43,7,2,Part-time,2024-03-06,2024-11-16,6,5,2024,4,69.13
44,7,2,Part-time,2024-03-06,2024-11-16,6,5,2024,5,69.94
45,7,2,Part-time,2024-03-06,2024-11-16,6,5,2024,6,70.72
46,7,2,Part-time,2024-03-06,2024-11-16,6,5,2024,7,78.02
47,7,2,Part-time,2024-03-06,2024-11-16,6,5,2024,8,84.24
48,7,2,Part-time,2024-03-06,2024-11-16,6,5,2024,9,89.16
49,7,2,Part-time,2024-03-06,2024-11-16,6,5,2024,10,70.08
50,7,2,Part-time,2024-03-06,2024-11-16,6,5,2024,11,88.13
51,48,15,Part-time,2024-04-06,2024-11-22,10,8,2024,4,72.56
52,48,15,Part-time,2024-04-06,2024-11-22,10,8,2024,5,63.02
53,48,15,Part-time,2024-04-06,2024-11-22,10,8,2024,6,90.64
54,48,15,Part-time,2024-04-06,2024-11-22,10,8,2024,7,79.36
55,48,15,Part-time,2024-04-06,2024-11-22,10,8,2024,8,84.2
56,48,15,Part-time,2024-04-06,2024-11-22,10,8,2024,9,74.8
57,48,15,Part-time,2024-04-06,2024-11-22,10,8,2024,10,60.96
58,48,15,Part-time,2024-04-06,2024-11-22,10,8,2024,11,63.93
59,3,8,Part-time,2023-08-07,2023-09-20,6,1,2023,8,89.41
60,3,8,Part-time,2023-08-07,2023-09-20,6,1,2023,9,86.22
61,20,14,Full-time,2023-02-04,2024-10-20,3,2,2023,2,132.37
62,20,14,Full-time,2023-02-04,2024-10-20,3,2,2023,3,153.96
63,20,14,Full-time,2023-02-04,2024-10-20,3,2,2023,4,169.55
64,20,14,Full-time,2023-02-04,2024-10-20,3,2,2023,5,164.41
65,20,14,Full-time,2023-02-04,2024-10-20,3,2,2023,6,170.73
66,20,14,Full-time,2023-02-04,2024-10-20,3,2,2023,7,124.07
67,20,14,Full-time,2023-02-04,2024-10-20,3,2,2023,8,142.42
68,20,14,Full-time,2023-02-04,2024-10-20,3,2,2023,9,160.45
69,20,14,Full-time,2023-02-04,2024-10-20,3,2,2023,10,132.16
70,20,14,Full-time,2023-02-04,2024-10-20,3,2,2023,11,138.5
71,20,14,Full-time,2023-02-04,2024-10-20,3,2,2023,12,165.62
72,20,14,Full-time,2023-02-04,2024-10-20,3,2,2023,12,122.02
73,20,14,Full-time,2023-02-04,2024-10-20,3,2,2024,1,175.2
74,20,14,Full-time,2023-02-04,2024-10-20,3,2,2024,2,179.1
75,20,14,Full-time,2023-02-04,2024-10-20,3,2,2024,3,121.51
76,20,14,Full-time,2023-02-04,2024-10-20,3,2,2024,4,159.45
77,20,14,Full-time,2023-02-04,2024-10-20,3,2,2024,5,173.92
78,20,14,Full-time,2023-02-04,2024-10-20,3,2,2024,6,122.51
79,20,14,Full-time,2023-02-04,2024-10-20,3,2,2024,7,156.33
80,20,14,Full-time,2023-02-04,2024-10-20,3,2,2024,8,170.2
81,20,14,Full-time,2023-02-04,2024-10-20,3,2,2024,9,193.69
82,39,20,Part-time,2023-02-13,2023-06-02,8,3,2023,2,72.0
83,39,20,Part-time,2023-02-13,2023-06-02,8,3,2023,3,77.43
84,39,20,Part-time,2023-02-13,2023-06-02,8,3,2023,4,96.78
85,39,20,Part-time,2023-02-13,2023-06-02,8,3,2023,5,58.22
86,49,5,Part-time,2024-05-18,2024-07-24,5,5,2024,5,68.5
87,49,5,Part-time,2024-05-18,2024-07-24,5,5,2024,6,76.94
88,49,5,Part-time,2024-05-18,2024-07-24,5,5,2024,7,80.64
89,1,12,Part-time,2024-03-17,2024-12-31,8,10,2024,3,89.87
90,1,12,Part-time,2024-03-17,2024-12-31,8,10,2024,4,82.24
91,1,12,Part-time,2024-03-17,2024-12-31,8,10,2024,5,88.24
92,1,12,Part-time,2024-03-17,2024-12-31,8,10,2024,6,81.67
93,1,12,Part-time,2024-03-17,2024-12-31,8,10,2024,7,62.86
94,1,12,Part-time,2024-03-17,2024-12-31,8,10,2024,8,70.33
95,1,12,Part-time,2024-03-17,2024-12-31,8,10,2024,9,74.66
96,1,12,Part-time,2024-03-17,2024-12-31,8,10,2024,10,71.34
97,1,12,Part-time,2024-03-17,2024-12-31,8,10,2024,11,87.48
98,1,12,Part-time,2024-03-17,2024-12-31,8,10,2024,12,81.48
99,44,6,Full-time,2024-04-10,2024-06-25,3,1,2024,4,175.05
100,44,6,Full-time,2024-04-10,2024-06-25,3,1,2024,5,167.11
101,44,6,Full-time,2024-04-10,2024-06-25,3,1,2024,6,172.72
102,35,19,Full-time,2024-07-24,2024-08-20,4,2,2024,7,133.4
103,19,14,Full-time,2024-04-30,2024-10-13,9,5,2024,4,163.61
104,19,14,Full-time,2024-04-30,2024-10-13,9,5,2024,5,116.5
105,19,14,Full-time,2024-04-30,2024-10-13,9,5,2024,6,149.36
106,19,14,Full-time,2024-04-30,2024-10-13,9,5,2024,7,161.13
107,19,14,Full-time,2024-04-30,2024-10-13,9,5,2024,8,158.54
108,19,14,Full-time,2024-04-30,2024-10-13,9,5,2024,9,179.58
109,32,15,Full-time,2023-01-18,2023-07-07,0,9,2023,1,172.87
110,32,15,Full-time,2023-01-18,2023-07-07,0,9,2023,2,149.18
111,32,15,Full-time,2023-01-18,2023-07-07,0,9,2023,3,178.5
112,32,15,Full-time,2023-01-18,2023-07-07,0,9,2023,4,151.35
113,32,15,Full-time,2023-01-18,2023-07-07,0,9,2023,5,165.14
114,32,15,Full-time,2023-01-18,2023-07-07,0,9,2023,6,202.47
115,6,16,Full-time,2023-11-20,2024-02-03,4,3,2023,11,164.04
116,6,16,Full-time,2023-11-20,2024-02-03,4,3,2023,12,151.35
117,6,16,Full-time,2023-11-20,2024-02-03,4,3,2024,1,129.08
118,9,15,Part-time,2023-07-24,2024-11-19,10,10,2023,7,76.3
119,9,15,Part-time,2023-07-24,2024-11-19,10,10,2023,8,57.59
120,9,15,Part-time,2023-07-24,2024-11-19,10,10,2023,9,78.84
121,9,15,Part-time,2023-07-24,2024-11-19,10,10,2023,10,62.37
122,9,15,Part-time,2023-07-24,2024-11-19,10,10,2023,11,82.73
123,9,15,Part-time,2023-07-24,2024-11-19,10,10,2023,12,88.28
124,9,15,Part-time,2023-07-24,2024-11-19,10,10,2024,1,75.78
125,9,15,Part-time,2023-07-24,2024-11-19,10,10,2024,2,72.86
126,9,15,Part-time,2023-07-24,2024-11-19,10,10,2024,3,74.3
127,9,15,Part-time,2023-07-24,2024-11-19,10,10,2024,4,78.08
128,9,15,Part-time,2023-07-24,2024-11-19,10,10,2024,5,62.15
129,9,15,Part-time,2023-07-24,2024-11-19,10,10,2024,6,64.48
130,9,15,Part-time,2023-07-24,2024-11-19,10,10,2024,7,80.11
131,9,15,Part-time,2023-07-24,2024-11-19,10,10,2024,8,76.42
132,9,15,Part-time,2023-07-24,2024-11-19,10,10,2024,9,68.92
133,9,15,Part-time,2023-07-24,2024-11-19,10,10,2024,10,79.93
134,9,15,Part-time,2023-07-24,2024-11-19,10,10,2024,11,89.47
135,34,14,Full-time,2024-01-10,2024-06-09,0,2,2024,1,129.46
136,34,14,Full-time,2024-01-10,2024-06-09,0,2,2024,2,153.72
137,34,14,Full-time,2024-01-10,2024-06-09,0,2,2024,3,171.74
138,34,14,Full-time,2024-01-10,2024-06-09,0,2,2024,4,173.22
139,34,14,Full-time,2024-01-10,2024-06-09,0,2,2024,5,128.64
140,34,14,Full-time,2024-01-10,2024-06-09,0,2,2024,6,135.6
141,33,11,Full-time,2024-07-07,2024-12-24,3,1,2024,7,175.26
142,33,11,Full-time,2024-07-07,2024-12-24,3,1,2024,8,140.42
143,33,11,Full-time,2024-07-07,2024-12-24,3,1,2024,9,145.0
144,33,11,Full-time,2024-07-07,2024-12-24,3,1,2024,10,158.34
145,33,11,Full-time,2024-07-07,2024-12-24,3,1,2024,11,150.79
146,33,11,Full-time,2024-07-07,2024-12-24,3,1,2024,12,159.12
147,34,7,Full-time,2024-05-01,2024-07-06,4,10,2024,5,171.27
148,34,7,Full-time,2024-05-01,2024-07-06,4,10,2024,5,131.44
149,34,7,Full-time,2024-05-01,2024-07-06,4,10,2024,6,116.13
150,26,5,Part-time,2024-07-07,2024-10-10,6,6,2024,7,77.3
151,26,5,Part-time,2024-07-07,2024-10-10,6,6,2024,8,72.47
152,26,5,Part-time,2024-07-07,2024-10-10,6,6,2024,9,54.52
153,26,5,Part-time,2024-07-07,2024-10-10,6,6,2024,10,67.63
154,25,3,Part-time,2024-06-16,2024-06-25,3,6,2024,6,80.15
155,37,16,Full-time,2024-03-25,2024-05-11,9,0,2024,3,159.82
156,37,16,Full-time,2024-03-25,2024-05-11,9,0,2024,4,156.27
157,32,3,Full-time,2024-04-14,2024-10-15,4,1,2024,4,163.48
158,32,3,Full-time,2024-04-14,2024-10-15,4,1,2024,5,152.61
159,32,3,Full-time,2024-04-14,2024-10-15,4,1,2024,6,154.88
160,32,3,Full-time,2024-04-14,2024-10-15,4,1,2024,7,152.34
161,32,3,Full-time,2024-04-14,2024-10-15,4,1,2024,8,139.44
162,32,3,Full-time,2024-04-14,2024-10-15,4,1,2024,9,140.83
163,32,3,Full-time,2024-04-14,2024-10-15,4,1,2024,10,157.24
164,6,8,Full-time,2024-03-29,2024-12-21,1,9,2024,3,155.5
165,6,8,Full-time,2024-03-29,2024-12-21,1,9,2024,4,148.94
166,6,8,Full-time,2024-03-29,2024-12-21,1,9,2024,5,159.09
167,6,8,Full-time,2024-03-29,2024-12-21,1,9,2024,6,112.27
168,6,8,Full-time,2024-03-29,2024-12-21,1,9,2024,7,158.0
169,6,8,Full-time,2024-03-29,2024-12-21,1,9,2024,8,163.99
170,6,8,Full-time,2024-03-29,2024-12-21,1,9,2024,9,171.88
171,6,8,Full-time,2024-03-29,2024-12-21,1,9,2024,10,130.05
172,6,8,Full-time,2024-03-29,2024-12-21,1,9,2024,11,164.42
173,22,18,Part-time,2023-10-08,2024-01-04,1,1,2023,10,94.87
174,22,18,Part-time,2023-10-08,2024-01-04,1,1,2023,11,96.37
175,22,18,Part-time,2023-10-08,2024-01-04,1,1,2023,12,72.47
176,29,2,Part-time,2023-01-07,2024-08-01,3,9,2023,1,69.51
177,29,2,Part-time,2023-01-07,2024-08-01,3,9,2023,2,83.56
178,29,2,Part-time,2023-01-07,2024-08-01,3,9,2023,3,80.92
179,29,2,Part-time,2023-01-07,2024-08-01,3,9,2023,4,84.16
180,29,2,Part-time,2023-01-07,2024-08-01,3,9,2023,5,87.5
181,29,2,Part-time,2023-01-07,2024-08-01,3,9,2023,6,68.75
182,29,2,Part-time,2023-01-07,2024-08-01,3,9,2023,7,86.85
183,29,2,Part-time,2023-01-07,2024-08-01,3,9,2023,8,68.65
184,29,2,Part-time,2023-01-07,2024-08-01,3,9,2023,9,77.63
185,29,2,Part-time,2023-01-07,2024-08-01,3,9,2023,10,71.35
186,29,2,Part-time,2023-01-07,2024-08-01,3,9,2023,11,90.61
187,29,2,Part-time,2023-01-07,2024-08-01,3,9,2023,12,72.56
188,29,2,Part-time,2023-01-07,2024-08-01,3,9,2024,1,72.14
189,29,2,Part-time,2023-01-07,2024-08-01,3,9,2024,2,94.68
190,29,2,Part-time,2023-01-07,2024-08-01,3,9,2024,3,66.29
191,29,2,Part-time,2023-01-07,2024-08-01,3,9,2024,4,76.82
192,29,2,Part-time,2023-01-07,2024-08-01,3,9,2024,5,93.91
193,29,2,Part-time,2023-01-07,2024-08-01,3,9,2024,5,76.9
194,29,2,Part-time,2023-01-07,2024-08-01,3,9,2024,6,85.56
195,29,2,Part-time,2023-01-07,2024-08-01,3,9,2024,7,81.14
196,6,3,Part-time,2024-05-26,2024-11-07,1,5,2024,5,80.2
197,6,3,Part-time,2024-05-26,2024-11-07,1,5,2024,6,59.08
198,6,3,Part-time,2024-05-26,2024-11-07,1,5,2024,7,63.0
199,6,3,Part-time,2024-05-26,2024-11-07,1,5,2024,8,78.31
200,6,3,Part-time,2024-05-26,2024-11-07,1,5,2024,9,65.29
201,6,3,Part-time,2024-05-26,2024-11-07,1,5,2024,10,81.94
202,47,1,Part-time,2023-01-10,2023-05-03,7,3,2023,1,95.08
203,47,1,Part-time,2023-01-10,2023-05-03,7,3,2023,2,83.59
204,47,1,Part-time,2023-01-10,2023-05-03,7,3,2023,3,68.81
205,47,1,Part-time,2023-01-10,2023-05-03,7,3,2023,4,56.67
206,35,10,Full-time,2024-01-05,2024-01-07,9,4,2024,1,126.11
207,6,6,Part-time,2024-06-17,2024-09-21,10,9,2024,6,74.74
208,6,6,Part-time,2024-06-17,2024-09-21,10,9,2024,7,58.78
209,6,6,Part-time,2024-06-17,2024-09-21,10,9,2024,8,88.34
210,6,6,Part-time,2024-06-17,2024-09-21,10,9,2024,9,85.91
211,35,16,Full-time,2024-03-31,2024-12-28,3,2,2024,3,138.47
212,35,16,Full-time,2024-03-31,2024-12-28,3,2,2024,4,119.2
213,35,16,Full-time,2024-03-31,2024-12-28,3,2,2024,5,149.85
214,35,16,Full-time,2024-03-31,2024-12-28,3,2,2024,6,155.09
215,35,16,Full-time,2024-03-31,2024-12-28,3,2,2024,7,160.73
216,35,16,Full-time,2024-03-31,2024-12-28,3,2,2024,8,99.47
217,35,16,Full-time,2024-03-31,2024-12-28,3,2,2024,9,183.12
218,35,16,Full-time,2024-03-31,2024-12-28,3,2,2024,10,143.64
219,35,16,Full-time,2024-03-31,2024-12-28,3,2,2024,11,179.7
220,35,16,Full-time,2024-03-31,2024-12-28,3,2,2024,12,138.8
221,33,5,Full-time,2023-08-05,2023-09-19,2,9,2023,8,151.7
222,33,5,Full-time,2023-08-05,2023-09-19,2,9,2023,9,145.05
223,50,17,Part-time,2023-05-06,2024-07-20,5,3,2023,5,69.67
224,50,17,Part-time,2023-05-06,2024-07-20,5,3,2023,6,62.32
225,50,17,Part-time,2023-05-06,2024-07-20,5,3,2023,7,82.82
226,50,17,Part-time,2023-05-06,2024-07-20,5,3,2023,8,94.64
227,50,17,Part-time,2023-05-06,2024-07-20,5,3,2023,9,97.59
228,50,17,Part-time,2023-05-06,2024-07-20,5,3,2023,10,71.8
229,50,17,Part-time,2023-05-06,2024-07-20,5,3,2023,11,79.24
230,50,17,Part-time,2023-05-06,2024-07-20,5,3,2023,12,60.53
231,50,17,Part-time,2023-05-06,2024-07-20,5,3,2024,1,84.15
232,50,17,Part-time,2023-05-06,2024-07-20,5,3,2024,1,105.55
233,50,17,Part-time,2023-05-06,2024-07-20,5,3,2024,3,83.18
234,50,17,Part-time,2023-05-06,2024-07-20,5,3,2024,3,73.47
235,50,17,Part-time,2023-05-06,2024-07-20,5,3,2024,4,66.65
236,50,17,Part-time,2023-05-06,2024-07-20,5,3,2024,5,77.37
237,50,17,Part-time,2023-05-06,2024-07-20,5,3,2024,6,59.18
238,11,18,Full-time,2023-06-11,2024-11-12,6,4,2023,6,165.69
239,11,18,Full-time,2023-06-11,2024-11-12,6,4,2023,7,146.21
240,11,18,Full-time,2023-06-11,2024-11-12,6,4,2023,8,135.95
241,11,18,Full-time,2023-06-11,2024-11-12,6,4,2023,9,140.64
242,11,18,Full-time,2023-06-11,2024-11-12,6,4,2023,10,163.73
243,11,18,Full-time,2023-06-11,2024-11-12,6,4,2023,11,165.94
244,11,18,Full-time,2023-06-11,2024-11-12,6,4,2023,12,149.48
245,11,18,Full-time,2023-06-11,2024-11-12,6,4,2024,1,167.86
246,11,18,Full-time,2023-06-11,2024-11-12,6,4,2024,2,115.6
247,11,18,Full-time,2023-06-11,2024-11-12,6,4,2024,3,167.96
248,11,18,Full-time,2023-06-11,2024-11-12,6,4,2024,4,167.0
249,11,18,Full-time,2023-06-11,2024-11-12,6,4,2024,5,145.78
250,11,18,Full-time,2023-06-11,2024-11-12,6,4,2024,6,167.75
251,11,18,Full-time,2023-06-11,2024-11-12,6,4,2024,7,150.75
252,11,18,Full-time,2023-06-11,2024-11-12,6,4,2024,8,167.45
253,11,18,Full-time,2023-06-11,2024-11-12,6,4,2024,9,160.82
254,11,18,Full-time,2023-06-11,2024-11-12,6,4,2024,10,145.25
255,11,18,Full-time,2023-06-11,2024-11-12,6,4,2024,11,97.57
256,43,2,Full-time,2023-07-25,2024-01-06,7,10,2023,7,164.27
257,43,2,Full-time,2023-07-25,2024-01-06,7,10,2023,8,143.14
258,43,2,Full-time,2023-07-25,2024-01-06,7,10,2023,9,144.56
259,43,2,Full-time,2023-07-25,2024-01-06,7,10,2023,10,167.99
260,43,2,Full-time,2023-07-25,2024-01-06,7,10,2023,11,119.38
261,43,2,Full-time,2023-07-25,2024-01-06,7,10,2023,12,168.33
262,42,3,Full-time,2023-08-18,2024-12-07,0,8,2023,8,156.64
263,42,3,Full-time,2023-08-18,2024-12-07,0,8,2023,9,164.15
264,42,3,Full-time,2023-08-18,2024-12-07,0,8,2023,10,164.74
265,42,3,Full-time,2023-08-18,2024-12-07,0,8,2023,11,185.96
266,42,3,Full-time,2023-08-18,2024-12-07,0,8,2023,12,161.58
267,42,3,Full-time,2023-08-18,2024-12-07,0,8,2024,1,148.75
268,42,3,Full-time,2023-08-18,2024-12-07,0,8,2024,2,165.19
269,42,3,Full-time,2023-08-18,2024-12-07,0,8,2024,3,151.66
270,42,3,Full-time,2023-08-18,2024-12-07,0,8,2024,4,180.55
271,42,3,Full-time,2023-08-18,2024-12-07,0,8,2024,5,139.1
272,42,3,Full-time,2023-08-18,2024-12-07,0,8,2024,6,163.7
273,42,3,Full-time,2023-08-18,2024-12-07,0,8,2024,7,150.76
274,42,3,Full-time,2023-08-18,2024-12-07,0,8,2024,8,130.67
275,42,3,Full-time,2023-08-18,2024-12-07,0,8,2024,9,106.27
276,42,3,Full-time,2023-08-18,2024-12-07,0,8,2024,10,126.96
277,42,3,Full-time,2023-08-18,2024-12-07,0,8,2024,11,139.0
278,45,12,Part-time,2024-06-20,2024-10-07,9,0,2024,6,75.24
279,45,12,Part-time,2024-06-20,2024-10-07,9,0,2024,7,66.09
280,45,12,Part-time,2024-06-20,2024-10-07,9,0,2024,8,66.15
281,45,12,Part-time,2024-06-20,2024-10-07,9,0,2024,9,80.69
282,14,16,Part-time,2023-03-02,2024-10-27,5,5,2023,3,90.74
283,14,16,Part-time,2023-03-02,2024-10-27,5,5,2023,4,85.67
284,14,16,Part-time,2023-03-02,2024-10-27,5,5,2023,5,52.06
285,14,16,Part-time,2023-03-02,2024-10-27,5,5,2023,5,63.67
286,14,16,Part-time,2023-03-02,2024-10-27,5,5,2023,6,81.04
287,14,16,Part-time,2023-03-02,2024-10-27,5,5,2023,7,67.95
288,14,16,Part-time,2023-03-02,2024-10-27,5,5,2023,8,84.65
289,14,16,Part-time,2023-03-02,2024-10-27,5,5,2023,9,78.75
290,14,16,Part-time,2023-03-02,2024-10-27,5,5,2023,10,76.8
291,14,16,Part-time,2023-03-02,2024-10-27,5,5,2023,11,59.34
292,14,16,Part-time,2023-03-02,2024-10-27,5,5,2023,12,77.99
293,14,16,Part-time,2023-03-02,2024-10-27,5,5,2024,1,68.69
294,14,16,Part-time,2023-03-02,2024-10-27,5,5,2024,2,60.26
295,14,16,Part-time,2023-03-02,2024-10-27,5,5,2024,3,63.09
296,14,16,Part-time,2023-03-02,2024-10-27,5,5,2024,4,59.12
297,14,16,Part-time,2023-03-02,2024-10-27,5,5,2024,5,84.94
298,14,16,Part-time,2023-03-02,2024-10-27,5,5,2024,6,66.19
299,14,16,Part-time,2023-03-02,2024-10-27,5,5,2024,7,82.5
300,14,16,Part-time,2023-03-02,2024-10-27,5,5,2024,8,75.11
301,14,16,Part-time,2023-03-02,2024-10-27,5,5,2024,9,66.4
302,14,16,Part-time,2023-03-02,2024-10-27,5,5,2024,10,69.74
303,26,17,Part-time,2024-07-10,2024-08-11,8,0,2024,7,80.66
304,26,17,Part-time,2024-07-10,2024-08-11,8,0,2024,8,86.89
305,14,9,Part-time,2023-10-08,2024-11-19,10,3,2023,10,87.07
306,14,9,Part-time,2023-10-08,2024-11-19,10,3,2023,11,82.91
307,14,9,Part-time,2023-10-08,2024-11-19,10,3,2023,12,83.3
308,14,9,Part-time,2023-10-08,2024-11-19,10,3,2024,1,80.25
309,14,9,Part-time,2023-10-08,2024-11-19,10,3,2024,2,70.19
310,14,9,Part-time,2023-10-08,2024-11-19,10,3,2024,3,57.15
311,14,9,Part-time,2023-10-08,2024-11-19,10,3,2024,4,78.34
312,14,9,Part-time,2023-10-08,2024-11-19,10,3,2024,5,94.65
313,14,9,Part-time,2023-10-08,2024-11-19,10,3,2024,6,82.15
314,14,9,Part-time,2023-10-08,2024-11-19,10,3,2024,7,76.57
315,14,9,Part-time,2023-10-08,2024-11-19,10,3,2024,8,80.56
316,14,9,Part-time,2023-10-08,2024-11-19,10,3,2024,9,61.64
317,14,9,Part-time,2023-10-08,2024-11-19,10,3,2024,10,74.16
318,14,9,Part-time,2023-10-08,2024-11-19,10,3,2024,11,87.55
319,34,6,Full-time,2024-04-08,2024-08-28,3,1,2024,4,116.91
320,34,6,Full-time,2024-04-08,2024-08-28,3,1,2024,5,113.61
321,34,6,Full-time,2024-04-08,2024-08-28,3,1,2024,6,178.17
322,34,6,Full-time,2024-04-08,2024-08-28,3,1,2024,7,121.97
323,34,6,Full-time,2024-04-08,2024-08-28,3,1,2024,8,139.0
324,31,3,Full-time,2023-05-22,2024-08-26,3,0,2023,5,136.8
325,31,3,Full-time,2023-05-22,2024-08-26,3,0,2023,6,176.76
326,31,3,Full-time,2023-05-22,2024-08-26,3,0,2023,7,146.64
327,31,3,Full-time,2023-05-22,2024-08-26,3,0,2023,8,185.75
328,31,3,Full-time,2023-05-22,2024-08-26,3,0,2023,9,130.01
329,31,3,Full-time,2023-05-22,2024-08-26,3,0,2023,10,166.54
330,31,3,Full-time,2023-05-22,2024-08-26,3,0,2023,11,177.92
331,31,3,Full-time,2023-05-22,2024-08-26,3,0,2023,12,160.89
332,31,3,Full-time,2023-05-22,2024-08-26,3,0,2024,1,173.82
333,31,3,Full-time,2023-05-22,2024-08-26,3,0,2024,2,178.48
334,31,3,Full-time,2023-05-22,2024-08-26,3,0,2024,3,153.67
335,31,3,Full-time,2023-05-22,2024-08-26,3,0,2024,4,166.51
336,31,3,Full-time,2023-05-22,2024-08-26,3,0,2024,5,140.2
337,31,3,Full-time,2023-05-22,2024-08-26,3,0,2024,6,196.58
338,31,3,Full-time,2023-05-22,2024-08-26,3,0,2024,7,149.58
339,31,3,Full-time,2023-05-22,2024-08-26,3,0,2024,8,192.95
340,31,16,Part-time,2023-02-23,2024-04-29,5,7,2023,2,89.59
341,31,16,Part-time,2023-02-23,2024-04-29,5,7,2023,3,72.74
342,31,16,Part-time,2023-02-23,2024-04-29,5,7,2023,4,83.42
343,31,16,Part-time,2023-02-23,2024-04-29,5,7,2023,5,71.4
344,31,16,Part-time,2023-02-23,2024-04-29,5,7,2023,6,91.37
345,31,16,Part-time,2023-02-23,2024-04-29,5,7,2023,7,67.92
346,31,16,Part-time,2023-02-23,2024-04-29,5,7,2023,8,69.13
347,31,16,Part-time,2023-02-23,2024-04-29,5,7,2023,9,79.77
348,31,16,Part-time,2023-02-23,2024-04-29,5,7,2023,10,76.3
349,31,16,Part-time,2023-02-23,2024-04-29,5,7,2023,11,81.08
350,31,16,Part-time,2023-02-23,2024-04-29,5,7,2023,12,71.35
351,31,16,Part-time,2023-02-23,2024-04-29,5,7,2024,1,72.47
352,31,16,Part-time,2023-02-23,2024-04-29,5,7,2024,2,86.05
353,31,16,Part-time,2023-02-23,2024-04-29,5,7,2024,3,72.8
354,31,16,Part-time,2023-02-23,2024-04-29,5,7,2024,4,58.11
355,1,7,Full-time,2023-01-03,2024-10-10,1,0,2023,1,174.94
356,1,7,Full-time,2023-01-03,2024-10-10,1,0,2023,2,183.62
357,1,7,Full-time,2023-01-03,2024-10-10,1,0,2023,3,110.32
358,1,7,Full-time,2023-01-03,2024-10-10,1,0,2023,4,130.44
359,1,7,Full-time,2023-01-03,2024-10-10,1,0,2023,5,150.84
360,1,7,Full-time,2023-01-03,2024-10-10,1,0,2023,6,173.81
361,1,7,Full-time,2023-01-03,2024-10-10,1,0,2023,7,153.66
362,1,7,Full-time,2023-01-03,2024-10-10,1,0,2023,8,143.4
363,1,7,Full-time,2023-01-03,2024-10-10,1,0,2023,8,159.29
364,1,7,Full-time,2023-01-03,2024-10-10,1,0,2023,9,163.03
365,1,7,Full-time,2023-01-03,2024-10-10,1,0,2023,10,149.49
366,1,7,Full-time,2023-01-03,2024-10-10,1,0,2023,11,158.78
367,1,7,Full-time,2023-01-03,2024-10-10,1,0,2023,12,156.52
368,1,7,Full-time,2023-01-03,2024-10-10,1,0,2024,1,139.37
369,1,7,Full-time,2023-01-03,2024-10-10,1,0,2024,2,157.42
370,1,7,Full-time,2023-01-03,2024-10-10,1,0,2024,3,162.34
371,1,7,Full-time,2023-01-03,2024-10-10,1,0,2024,4,177.13
372,1,7,Full-time,2023-01-03,2024-10-10,1,0,2024,5,155.68
373,1,7,Full-time,2023-01-03,2024-10-10,1,0,2024,6,156.77
374,1,7,Full-time,2023-01-03,2024-10-10,1,0,2024,7,155.41
375,1,7,Full-time,2023-01-03,2024-10-10,1,0,2024,8,128.34
376,1,7,Full-time,2023-01-03,2024-10-10,1,0,2024,9,161.98
377,13,17,Part-time,2023-09-29,2024-12-05,1,9,2023,9,85.24
378,13,17,Part-time,2023-09-29,2024-12-05,1,9,2023,10,78.84
379,13,17,Part-time,2023-09-29,2024-12-05,1,9,2023,11,70.95
380,13,17,Part-time,2023-09-29,2024-12-05,1,9,2023,12,59.3
381,13,17,Part-time,2023-09-29,2024-12-05,1,9,2024,1,75.83
382,13,17,Part-time,2023-09-29,2024-12-05,1,9,2024,2,82.15
383,13,17,Part-time,2023-09-29,2024-12-05,1,9,2024,3,71.21
384,13,17,Part-time,2023-09-29,2024-12-05,1,9,2024,4,69.91
385,13,17,Part-time,2023-09-29,2024-12-05,1,9,2024,5,71.55
386,13,17,Part-time,2023-09-29,2024-12-05,1,9,2024,6,85.83
387,13,17,Part-time,2023-09-29,2024-12-05,1,9,2024,7,80.96
388,13,17,Part-time,2023-09-29,2024-12-05,1,9,2024,8,71.02
389,13,17,Part-time,2023-09-29,2024-12-05,1,9,2024,9,86.53
390,13,17,Part-time,2023-09-29,2024-12-05,1,9,2024,10,87.48
391,13,17,Part-time,2023-09-29,2024-12-05,1,9,2024,11,57.6
392,50,12,Full-time,2024-08-18,2024-08-31,3,7,2024,8,152.21
393,6,4,Part-time,2024-05-27,2024-09-24,6,3,2024,5,71.6
394,6,4,Part-time,2024-05-27,2024-09-24,6,3,2024,6,76.33
395,6,4,Part-time,2024-05-27,2024-09-24,6,3,2024,7,66.48
396,6,4,Part-time,2024-05-27,2024-09-24,6,3,2024,8,77.58
397,18,10,Part-time,2024-09-28,2024-12-21,9,6,2024,9,66.74
398,18,10,Part-time,2024-09-28,2024-12-21,9,6,2024,10,82.45
399,18,10,Part-time,2024-09-28,2024-12-21,9,6,2024,11,73.94
400,4,14,Full-time,2023-01-24,2023-10-11,10,10,2023,1,155.83
401,4,14,Full-time,2023-01-24,2023-10-11,10,10,2023,2,124.28
402,4,14,Full-time,2023-01-24,2023-10-11,10,10,2023,3,179.33
403,4,14,Full-time,2023-01-24,2023-10-11,10,10,2023,4,107.54
404,4,14,Full-time,2023-01-24,2023-10-11,10,10,2023,5,177.28
405,4,14,Full-time,2023-01-24,2023-10-11,10,10,2023,6,146.77
406,4,14,Full-time,2023-01-24,2023-10-11,10,10,2023,7,191.79
407,4,14,Full-time,2023-01-24,2023-10-11,10,10,2023,8,122.0
408,4,14,Full-time,2023-01-24,2023-10-11,10,10,2023,9,108.58
409,40,2,Full-time,2024-06-20,2024-07-17,6,7,2024,6,167.15
410,31,7,Full-time,2024-03-27,2024-05-18,5,3,2024,3,153.99
411,31,7,Full-time,2024-03-27,2024-05-18,5,3,2024,4,149.54
412,15,8,Part-time,2024-06-25,2024-12-24,7,5,2024,6,63.66
413,15,8,Part-time,2024-06-25,2024-12-24,7,5,2024,7,91.36
414,15,8,Part-time,2024-06-25,2024-12-24,7,5,2024,8,69.28
415,15,8,Part-time,2024-06-25,2024-12-24,7,5,2024,9,81.78
416,15,8,Part-time,2024-06-25,2024-12-24,7,5,2024,10,86.57
417,15,8,Part-time,2024-06-25,2024-12-24,7,5,2024,11,81.88
418,15,8,Part-time,2024-06-25,2024-12-24,7,5,2024,12,77.5
419,3,17,Part-time,2024-04-16,2024-11-23,4,8,2024,4,76.23
420,3,17,Part-time,2024-04-16,2024-11-23,4,8,2024,5,84.69
421,3,17,Part-time,2024-04-16,2024-11-23,4,8,2024,6,76.94
422,3,17,Part-time,2024-04-16,2024-11-23,4,8,2024,7,68.91
423,3,17,Part-time,2024-04-16,2024-11-23,4,8,2024,8,70.77
424,3,17,Part-time,2024-04-16,2024-11-23,4,8,2024,9,80.2
425,3,17,Part-time,2024-04-16,2024-11-23,4,8,2024,10,72.96
426,3,17,Part-time,2024-04-16,2024-11-23,4,8,2024,11,82.74
427,38,9,Full-time,2023-08-22,2024-03-28,4,2,2023,8,142.33
428,38,9,Full-time,2023-08-22,2024-03-28,4,2,2023,9,163.89
429,38,9,Full-time,2023-08-22,2024-03-28,4,2,2023,10,166.97
430,38,9,Full-time,2023-08-22,2024-03-28,4,2,2023,11,127.6
431,38,9,Full-time,2023-08-22,2024-03-28,4,2,2023,12,171.07
432,38,9,Full-time,2023-08-22,2024-03-28,4,2,2024,1,174.92
433,38,9,Full-time,2023-08-22,2024-03-28,4,2,2024,2,152.95
434,38,9,Full-time,2023-08-22,2024-03-28,4,2,2024,3,154.8
435,28,18,Part-time,2023-09-18,2024-08-31,4,2,2023,9,81.61
436,28,18,Part-time,2023-09-18,2024-08-31,4,2,2023,10,55.23
437,28,18,Part-time,2023-09-18,2024-08-31,4,2,2023,11,75.79
438,28,18,Part-time,2023-09-18,2024-08-31,4,2,2023,12,64.57
439,28,18,Part-time,2023-09-18,2024-08-31,4,2,2024,1,83.73
440,28,18,Part-time,2023-09-18,2024-08-31,4,2,2024,2,81.28
441,28,18,Part-time,2023-09-18,2024-08-31,4,2,2024,3,91.15
442,28,18,Part-time,2023-09-18,2024-08-31,4,2,2024,4,63.2
443,28,18,Part-time,2023-09-18,2024-08-31,4,2,2024,5,91.54
444,28,18,Part-time,2023-09-18,2024-08-31,4,2,2024,6,88.31
445,28,18,Part-time,2023-09-18,2024-08-31,4,2,2024,7,64.56
446,28,18,Part-time,2023-09-18,2024-08-31,4,2,2024,8,80.38
447,1,4,Full-time,2023-05-04,2024-12-25,8,0,2023,5,154.08
448,1,4,Full-time,2023-05-04,2024-12-25,8,0,2023,6,180.98
449,1,4,Full-time,2023-05-04,2024-12-25,8,0,2023,7,140.94
450,1,4,Full-time,2023-05-04,2024-12-25,8,0,2023,8,158.5
451,1,4,Full-time,2023-05-04,2024-12-25,8,0,2023,9,169.49
452,1,4,Full-time,2023-05-04,2024-12-25,8,0,2023,10,154.73
453,1,4,Full-time,2023-05-04,2024-12-25,8,0,2023,10,174.02
454,1,4,Full-time,2023-05-04,2024-12-25,8,0,2023,11,142.02
455,1,4,Full-time,2023-05-04,2024-12-25,8,0,2023,12,167.51
456,1,4,Full-time,2023-05-04,2024-12-25,8,0,2024,1,137.8
457,1,4,Full-time,2023-05-04,2024-12-25,8,0,2024,2,180.31
458,1,4,Full-time,2023-05-04,2024-12-25,8,0,2024,3,148.78
459,1,4,Full-time,2023-05-04,2024-12-25,8,0,2024,4,138.75
460,1,4,Full-time,2023-05-04,2024-12-25,8,0,2024,5,173.57
461,1,4,Full-time,2023-05-04,2024-12-25,8,0,2024,6,151.94
462,1,4,Full-time,2023-05-04,2024-12-25,8,0,2024,7,157.53
463,1,4,Full-time,2023-05-04,2024-12-25,8,0,2024,8,161.39
464,1,4,Full-time,2023-05-04,2024-12-25,8,0,2024,9,180.77
465,1,4,Full-time,2023-05-04,2024-12-25,8,0,2024,10,155.88
466,1,4,Full-time,2023-05-04,2024-12-25,8,0,2024,11,162.82
467,1,4,Full-time,2023-05-04,2024-12-25,8,0,2024,12,156.52
468,24,6,Part-time,2023-07-04,2023-11-19,2,8,2023,7,80.38
469,24,6,Part-time,2023-07-04,2023-11-19,2,8,2023,8,79.3
470,24,6,Part-time,2023-07-04,2023-11-19,2,8,2023,9,78.65
471,24,6,Part-time,2023-07-04,2023-11-19,2,8,2023,10,67.17
472,24,6,Part-time,2023-07-04,2023-11-19,2,8,2023,11,77.74
473,35,8,Part-time,2023-09-15,2023-11-25,1,2,2023,9,73.27
474,35,8,Part-time,2023-09-15,2023-11-25,1,2,2023,10,82.57
475,35,8,Part-time,2023-09-15,2023-11-25,1,2,2023,11,62.55
476,39,6,Full-time,2024-05-24,2024-10-10,7,3,2024,5,151.97
477,39,6,Full-time,2024-05-24,2024-10-10,7,3,2024,6,162.56
478,39,6,Full-time,2024-05-24,2024-10-10,7,3,2024,7,160.54
479,39,6,Full-time,2024-05-24,2024-10-10,7,3,2024,8,151.89
480,39,6,Full-time,2024-05-24,2024-10-10,7,3,2024,9,143.58
481,21,7,Part-time,2023-07-27,2024-08-03,2,7,2023,7,84.27
482,21,7,Part-time,2023-07-27,2024-08-03,2,7,2023,8,90.26
483,21,7,Part-time,2023-07-27,2024-08-03,2,7,2023,9,78.99
484,21,7,Part-time,2023-07-27,2024-08-03,2,7,2023,10,78.57
485,21,7,Part-time,2023-07-27,2024-08-03,2,7,2023,11,85.67
486,21,7,Part-time,2023-07-27,2024-08-03,2,7,2023,12,52.18
487,21,7,Part-time,2023-07-27,2024-08-03,2,7,2024,1,96.81
488,21,7,Part-time,2023-07-27,2024-08-03,2,7,2024,2,94.1
489,21,7,Part-time,2023-07-27,2024-08-03,2,7,2024,3,73.39
490,21,7,Part-time,2023-07-27,2024-08-03,2,7,2024,4,89.07
491,21,7,Part-time,2023-07-27,2024-08-03,2,7,2024,5,59.63
492,21,7,Part-time,2023-07-27,2024-08-03,2,7,2024,6,90.37
493,21,7,Part-time,2023-07-27,2024-08-03,2,7,2024,7,78.99
494,29,8,Part-time,2024-10-29,2024-11-22,6,5,2024,10,88.16
495,15,7,Full-time,2024-01-01,2024-02-16,2,10,2024,1,179.45
496,15,7,Full-time,2024-01-01,2024-02-16,2,10,2024,1,138.84
497,31,5,Part-time,2023-12-23,2024-08-01,6,7,2023,12,62.59
498,31,5,Part-time,2023-12-23,2024-08-01,6,7,2024,1,85.5
499,31,5,Part-time,2023-12-23,2024-08-01,6,7,2024,2,65.29
500,31,5,Part-time,2023-12-23,2024-08-01,6,7,2024,3,60.46
501,31,5,Part-time,2023-12-23,2024-08-01,6,7,2024,4,76.66
502,31,5,Part-time,2023-12-23,2024-08-01,6,7,2024,5,83.22
503,31,5,Part-time,2023-12-23,2024-08-01,6,7,2024,6,83.95
504,31,5,Part-time,2023-12-23,2024-08-01,6,7,2024,7,87.93
505,14,12,Full-time,2024-12-26,2024-12-28,9,2,2024,12,170.56
506,17,19,Full-time,2023-11-22,2024-08-17,7,3,2023,11,193.64
507,17,19,Full-time,2023-11-22,2024-08-17,7,3,2023,12,128.15
508,17,19,Full-time,2023-11-22,2024-08-17,7,3,2024,1,131.79
509,17,19,Full-time,2023-11-22,2024-08-17,7,3,2024,2,119.77
510,17,19,Full-time,2023-11-22,2024-08-17,7,3,2024,3,148.51
511,17,19,Full-time,2023-11-22,2024-08-17,7,3,2024,4,131.75
512,17,19,Full-time,2023-11-22,2024-08-17,7,3,2024,5,178.11
513,17,19,Full-time,2023-11-22,2024-08-17,7,3,2024,6,129.19
514,17,19,Full-time,2023-11-22,2024-08-17,7,3,2024,7,107.27
515,29,2,Part-time,2024-02-28,2024-11-17,9,4,2024,2,76.84
516,29,2,Part-time,2024-02-28,2024-11-17,9,4,2024,3,74.67
517,29,2,Part-time,2024-02-28,2024-11-17,9,4,2024,4,71.43
518,29,2,Part-time,2024-02-28,2024-11-17,9,4,2024,5,79.69
519,29,2,Part-time,2024-02-28,2024-11-17,9,4,2024,6,88.2
520,29,2,Part-time,2024-02-28,2024-11-17,9,4,2024,7,87.12
521,29,2,Part-time,2024-02-28,2024-11-17,9,4,2024,8,79.94
522,29,2,Part-time,2024-02-28,2024-11-17,9,4,2024,9,81.63
523,29,2,Part-time,2024-02-28,2024-11-17,9,4,2024,10,76.3
524,7,7,Full-time,2023-08-11,2024-05-27,6,6,2023,8,175.65
525,7,7,Full-time,2023-08-11,2024-05-27,6,6,2023,9,164.2
526,7,7,Full-time,2023-08-11,2024-05-27,6,6,2023,10,150.92
527,7,7,Full-time,2023-08-11,2024-05-27,6,6,2023,11,117.91
528,7,7,Full-time,2023-08-11,2024-05-27,6,6,2023,12,134.61
529,7,7,Full-time,2023-08-11,2024-05-27,6,6,2024,1,156.84
530,7,7,Full-time,2023-08-11,2024-05-27,6,6,2024,2,115.7
531,7,7,Full-time,2023-08-11,2024-05-27,6,6,2024,3,153.39
532,7,7,Full-time,2023-08-11,2024-05-27,6,6,2024,4,167.11
533,7,7,Full-time,2023-08-11,2024-05-27,6,6,2024,5,169.94
534,10,5,Part-time,2024-02-20,2024-06-08,3,1,2024,2,89.45
535,10,5,Part-time,2024-02-20,2024-06-08,3,1,2024,3,76.73
536,10,5,Part-time,2024-02-20,2024-06-08,3,1,2024,4,77.0
537,10,5,Part-time,2024-02-20,2024-06-08,3,1,2024,5,82.68
538,30,9,Part-time,2024-06-21,2024-12-02,1,0,2024,6,78.97
539,30,9,Part-time,2024-06-21,2024-12-02,1,0,2024,7,82.99
540,30,9,Part-time,2024-06-21,2024-12-02,1,0,2024,8,65.6
541,30,9,Part-time,2024-06-21,2024-12-02,1,0,2024,9,90.74
542,30,9,Part-time,2024-06-21,2024-12-02,1,0,2024,10,78.95
543,30,9,Part-time,2024-06-21,2024-12-02,1,0,2024,11,84.32
544,41,10,Part-time,2023-06-30,2024-03-30,4,2,2023,6,71.53
545,41,10,Part-time,2023-06-30,2024-03-30,4,2,2023,7,66.69
546,41,10,Part-time,2023-06-30,2024-03-30,4,2,2023,8,75.63
547,41,10,Part-time,2023-06-30,2024-03-30,4,2,2023,9,78.79
548,41,10,Part-time,2023-06-30,2024-03-30,4,2,2023,10,94.95
549,41,10,Part-time,2023-06-30,2024-03-30,4,2,2023,11,75.9
550,41,10,Part-time,2023-06-30,2024-03-30,4,2,2023,12,70.36
551,41,10,Part-time,2023-06-30,2024-03-30,4,2,2024,1,76.14
552,41,10,Part-time,2023-06-30,2024-03-30,4,2,2024,2,67.41
553,41,10,Part-time,2023-06-30,2024-03-30,4,2,2024,3,91.92
554,32,14,Full-time,2024-04-10,2024-09-13,10,9,2024,4,150.55
555,32,14,Full-time,2024-04-10,2024-09-13,10,9,2024,5,168.77
556,32,14,Full-time,2024-04-10,2024-09-13,10,9,2024,6,193.77
557,32,14,Full-time,2024-04-10,2024-09-13,10,9,2024,7,167.3
558,32,14,Full-time,2024-04-10,2024-09-13,10,9,2024,8,163.84
559,32,14,Full-time,2024-04-10,2024-09-13,10,9,2024,9,144.09
560,9,9,Full-time,2024-05-23,2024-06-05,6,5,2024,5,117.84
561,11,12,Full-time,2023-04-10,2024-08-11,8,9,2023,4,148.18
562,11,12,Full-time,2023-04-10,2024-08-11,8,9,2023,5,160.37
563,11,12,Full-time,2023-04-10,2024-08-11,8,9,2023,6,156.9
564,11,12,Full-time,2023-04-10,2024-08-11,8,9,2023,7,159.93
565,11,12,Full-time,2023-04-10,2024-08-11,8,9,2023,8,152.35
566,11,12,Full-time,2023-04-10,2024-08-11,8,9,2023,9,165.95
567,11,12,Full-time,2023-04-10,2024-08-11,8,9,2023,10,174.63
568,11,12,Full-time,2023-04-10,2024-08-11,8,9,2023,11,137.39
569,11,12,Full-time,2023-04-10,2024-08-11,8,9,2023,12,190.0
570,11,12,Full-time,2023-04-10,2024-08-11,8,9,2024,1,156.79
571,11,12,Full-time,2023-04-10,2024-08-11,8,9,2024,2,147.79
572,11,12,Full-time,2023-04-10,2024-08-11,8,9,2024,3,163.26
573,11,12,Full-time,2023-04-10,2024-08-11,8,9,2024,4,141.26
574,11,12,Full-time,2023-04-10,2024-08-11,8,9,2024,5,135.77
575,11,12,Full-time,2023-04-10,2024-08-11,8,9,2024,6,140.55
576,11,12,Full-time,2023-04-10,2024-08-11,8,9,2024,7,181.89
577,11,12,Full-time,2023-04-10,2024-08-11,8,9,2024,8,151.03
578,9,11,Full-time,2024-10-16,2024-12-05,10,5,2024,10,120.64
579,9,11,Full-time,2024-10-16,2024-12-05,10,5,2024,11,152.48
580,11,1,Full-time,2023-10-14,2024-08-14,0,8,2023,10,155.85
581,11,1,Full-time,2023-10-14,2024-08-14,0,8,2023,11,127.96
582,11,1,Full-time,2023-10-14,2024-08-14,0,8,2023,12,179.21
583,11,1,Full-time,2023-10-14,2024-08-14,0,8,2024,1,157.62
584,11,1,Full-time,2023-10-14,2024-08-14,0,8,2024,2,183.36
585,11,1,Full-time,2023-10-14,2024-08-14,0,8,2024,3,176.47
586,11,1,Full-time,2023-10-14,2024-08-14,0,8,2024,4,144.39
587,11,1,Full-time,2023-10-14,2024-08-14,0,8,2024,5,147.85
588,11,1,Full-time,2023-10-14,2024-08-14,0,8,2024,6,148.19
589,11,1,Full-time,2023-10-14,2024-08-14,0,8,2024,7,187.57
590,11,1,Full-time,2023-10-14,2024-08-14,0,8,2024,8,154.75
591,29,12,Full-time,2023-03-06,2023-10-29,7,7,2023,3,132.38
592,29,12,Full-time,2023-03-06,2023-10-29,7,7,2023,4,154.0
593,29,12,Full-time,2023-03-06,2023-10-29,7,7,2023,5,118.52
594,29,12,Full-time,2023-03-06,2023-10-29,7,7,2023,6,168.09
595,29,12,Full-time,2023-03-06,2023-10-29,7,7,2023,7,153.18
596,29,12,Full-time,2023-03-06,2023-10-29,7,7,2023,8,110.39
597,29,12,Full-time,2023-03-06,2023-10-29,7,7,2023,9,194.04
598,29,12,Full-time,2023-03-06,2023-10-29,7,7,2023,10,172.21
599,18,4,Part-time,2023-09-15,2023-12-17,6,5,2023,9,59.55
600,18,4,Part-time,2023-09-15,2023-12-17,6,5,2023,10,87.66
601,18,4,Part-time,2023-09-15,2023-12-17,6,5,2023,11,70.11
602,18,4,Part-time,2023-09-15,2023-12-17,6,5,2023,12,52.74
603,2,14,Part-time,2024-11-30,2024-12-18,7,5,2024,11,67.31
604,30,20,Part-time,2023-09-13,2024-09-22,10,1,2023,9,79.71
605,30,20,Part-time,2023-09-13,2024-09-22,10,1,2023,10,70.74
606,30,20,Part-time,2023-09-13,2024-09-22,10,1,2023,11,67.94
607,30,20,Part-time,2023-09-13,2024-09-22,10,1,2023,12,69.39
608,30,20,Part-time,2023-09-13,2024-09-22,10,1,2024,1,68.76
609,30,20,Part-time,2023-09-13,2024-09-22,10,1,2024,2,68.91
610,30,20,Part-time,2023-09-13,2024-09-22,10,1,2024,3,81.27
611,30,20,Part-time,2023-09-13,2024-09-22,10,1,2024,4,89.84
612,30,20,Part-time,2023-09-13,2024-09-22,10,1,2024,5,73.95
613,30,20,Part-time,2023-09-13,2024-09-22,10,1,2024,6,77.51
614,30,20,Part-time,2023-09-13,2024-09-22,10,1,2024,7,66.27
615,30,20,Part-time,2023-09-13,2024-09-22,10,1,2024,8,77.0
616,30,20,Part-time,2023-09-13,2024-09-22,10,1,2024,9,66.45
617,27,14,Full-time,2023-03-03,2023-09-19,9,3,2023,3,179.4
618,27,14,Full-time,2023-03-03,2023-09-19,9,3,2023,4,142.92
619,27,14,Full-time,2023-03-03,2023-09-19,9,3,2023,5,163.69
620,27,14,Full-time,2023-03-03,2023-09-19,9,3,2023,6,192.86
621,27,14,Full-time,2023-03-03,2023-09-19,9,3,2023,7,142.36
622,27,14,Full-time,2023-03-03,2023-09-19,9,3,2023,7,160.17
623,27,14,Full-time,2023-03-03,2023-09-19,9,3,2023,8,161.25
624,44,13,Full-time,2023-02-20,2024-10-07,6,8,2023,2,129.35
625,44,13,Full-time,2023-02-20,2024-10-07,6,8,2023,3,143.03
626,44,13,Full-time,2023-02-20,2024-10-07,6,8,2023,4,125.96
627,44,13,Full-time,2023-02-20,2024-10-07,6,8,2023,5,141.32
628,44,13,Full-time,2023-02-20,2024-10-07,6,8,2023,6,172.39
629,44,13,Full-time,2023-02-20,2024-10-07,6,8,2023,7,156.88
630,44,13,Full-time,2023-02-20,2024-10-07,6,8,2023,8,152.44
631,44,13,Full-time,2023-02-20,2024-10-07,6,8,2023,9,173.16
632,44,13,Full-time,2023-02-20,2024-10-07,6,8,2023,10,194.77
633,44,13,Full-time,2023-02-20,2024-10-07,6,8,2023,11,139.6
634,44,13,Full-time,2023-02-20,2024-10-07,6,8,2023,12,143.97
635,44,13,Full-time,2023-02-20,2024-10-07,6,8,2024,1,120.49
636,44,13,Full-time,2023-02-20,2024-10-07,6,8,2024,2,170.63
637,44,13,Full-time,2023-02-20,2024-10-07,6,8,2024,3,144.21
638,44,13,Full-time,2023-02-20,2024-10-07,6,8,2024,4,141.74
639,44,13,Full-time,2023-02-20,2024-10-07,6,8,2024,5,152.88
640,44,13,Full-time,2023-02-20,2024-10-07,6,8,2024,6,166.34
641,44,13,Full-time,2023-02-20,2024-10-07,6,8,2024,7,129.38
642,44,13,Full-time,2023-02-20,2024-10-07,6,8,2024,8,135.61
643,44,13,Full-time,2023-02-20,2024-10-07,6,8,2024,9,168.18
644,16,7,Full-time,2024-06-05,2024-07-04,10,1,2024,6,171.87
645,11,4,Full-time,2023-11-29,2024-12-15,9,2,2023,11,148.9
646,11,4,Full-time,2023-11-29,2024-12-15,9,2,2023,12,174.87
647,11,4,Full-time,2023-11-29,2024-12-15,9,2,2024,1,200.1
648,11,4,Full-time,2023-11-29,2024-12-15,9,2,2024,2,134.69
649,11,4,Full-time,2023-11-29,2024-12-15,9,2,2024,3,164.84
650,11,4,Full-time,2023-11-29,2024-12-15,9,2,2024,4,147.77
651,11,4,Full-time,2023-11-29,2024-12-15,9,2,2024,5,147.91
652,11,4,Full-time,2023-11-29,2024-12-15,9,2,2024,6,131.69
653,11,4,Full-time,2023-11-29,2024-12-15,9,2,2024,7,147.94
654,11,4,Full-time,2023-11-29,2024-12-15,9,2,2024,8,135.9
655,11,4,Full-time,2023-11-29,2024-12-15,9,2,2024,9,149.25
656,11,4,Full-time,2023-11-29,2024-12-15,9,2,2024,10,166.89
657,11,4,Full-time,2023-11-29,2024-12-15,9,2,2024,11,166.25
658,33,2,Full-time,2023-11-12,2024-09-02,8,7,2023,11,143.67
659,33,2,Full-time,2023-11-12,2024-09-02,8,7,2023,12,155.26
660,33,2,Full-time,2023-11-12,2024-09-02,8,7,2024,1,159.29
661,33,2,Full-time,2023-11-12,2024-09-02,8,7,2024,2,139.91
662,33,2,Full-time,2023-11-12,2024-09-02,8,7,2024,3,139.7
663,33,2,Full-time,2023-11-12,2024-09-02,8,7,2024,4,164.87
664,33,2,Full-time,2023-11-12,2024-09-02,8,7,2024,5,161.76
665,33,2,Full-time,2023-11-12,2024-09-02,8,7,2024,6,144.48
666,33,2,Full-time,2023-11-12,2024-09-02,8,7,2024,7,142.38
667,33,2,Full-time,2023-11-12,2024-09-02,8,7,2024,8,125.26
668,4,15,Part-time,2023-06-26,2024-11-01,8,5,2023,6,85.91
669,4,15,Part-time,2023-06-26,2024-11-01,8,5,2023,7,88.62
670,4,15,Part-time,2023-06-26,2024-11-01,8,5,2023,8,80.86
671,4,15,Part-time,2023-06-26,2024-11-01,8,5,2023,9,84.31
672,4,15,Part-time,2023-06-26,2024-11-01,8,5,2023,10,53.92
673,4,15,Part-time,2023-06-26,2024-11-01,8,5,2023,11,77.38
674,4,15,Part-time,2023-06-26,2024-11-01,8,5,2023,12,79.66
675,4,15,Part-time,2023-06-26,2024-11-01,8,5,2024,1,81.44
676,4,15,Part-time,2023-06-26,2024-11-01,8,5,2024,2,91.69
677,4,15,Part-time,2023-06-26,2024-11-01,8,5,2024,3,96.68
678,4,15,Part-time,2023-06-26,2024-11-01,8,5,2024,4,82.3
679,4,15,Part-time,2023-06-26,2024-11-01,8,5,2024,5,74.81
680,4,15,Part-time,2023-06-26,2024-11-01,8,5,2024,6,77.01
681,4,15,Part-time,2023-06-26,2024-11-01,8,5,2024,7,80.41
682,4,15,Part-time,2023-06-26,2024-11-01,8,5,2024,8,50.42
683,4,15,Part-time,2023-06-26,2024-11-01,8,5,2024,9,64.79
684,4,15,Part-time,2023-06-26,2024-11-01,8,5,2024,10,78.93
685,10,18,Part-time,2024-08-28,2024-12-18,1,9,2024,8,64.5
686,10,18,Part-time,2024-08-28,2024-12-18,1,9,2024,9,74.23
687,10,18,Part-time,2024-08-28,2024-12-18,1,9,2024,10,85.65
688,10,18,Part-time,2024-08-28,2024-12-18,1,9,2024,11,85.4
689,5,18,Part-time,2023-12-05,2024-12-01,6,1,2023,12,84.02
690,5,18,Part-time,2023-12-05,2024-12-01,6,1,2024,1,71.57
691,5,18,Part-time,2023-12-05,2024-12-01,6,1,2024,2,71.66
692,5,18,Part-time,2023-12-05,2024-12-01,6,1,2024,3,76.44
693,5,18,Part-time,2023-12-05,2024-12-01,6,1,2024,4,94.99
694,5,18,Part-time,2023-12-05,2024-12-01,6,1,2024,5,84.17
695,5,18,Part-time,2023-12-05,2024-12-01,6,1,2024,6,90.81
696,5,18,Part-time,2023-12-05,2024-12-01,6,1,2024,7,80.83
697,5,18,Part-time,2023-12-05,2024-12-01,6,1,2024,8,74.04
698,5,18,Part-time,2023-12-05,2024-12-01,6,1,2024,8,58.75
699,5,18,Part-time,2023-12-05,2024-12-01,6,1,2024,9,77.88
700,5,18,Part-time,2023-12-05,2024-12-01,6,1,2024,10,77.94
701,5,18,Part-time,2023-12-05,2024-12-01,6,1,2024,11,63.95
702,16,14,Part-time,2024-12-06,2024-12-08,7,10,2024,12,80.17
703,1,20,Full-time,2024-07-13,2024-10-13,8,9,2024,7,166.36
704,1,20,Full-time,2024-07-13,2024-10-13,8,9,2024,8,172.21
705,1,20,Full-time,2024-07-13,2024-10-13,8,9,2024,9,123.09
706,1,20,Full-time,2024-07-13,2024-10-13,8,9,2024,10,115.86
707,4,2,Part-time,2024-07-23,2024-08-06,9,7,2024,7,82.57
708,30,1,Part-time,2024-12-21,2024-12-23,1,5,2024,12,72.09
709,30,12,Part-time,2023-01-21,2024-09-27,7,4,2023,1,90.25
710,30,12,Part-time,2023-01-21,2024-09-27,7,4,2023,2,70.1
711,30,12,Part-time,2023-01-21,2024-09-27,7,4,2023,3,79.15
712,30,12,Part-time,2023-01-21,2024-09-27,7,4,2023,4,81.54
713,30,12,Part-time,2023-01-21,2024-09-27,7,4,2023,5,63.76
714,30,12,Part-time,2023-01-21,2024-09-27,7,4,2023,6,59.88
715,30,12,Part-time,2023-01-21,2024-09-27,7,4,2023,7,56.12
716,30,12,Part-time,2023-01-21,2024-09-27,7,4,2023,8,82.53
717,30,12,Part-time,2023-01-21,2024-09-27,7,4,2023,9,75.39
718,30,12,Part-time,2023-01-21,2024-09-27,7,4,2023,10,72.59
719,30,12,Part-time,2023-01-21,2024-09-27,7,4,2023,11,77.42
720,30,12,Part-time,2023-01-21,2024-09-27,7,4,2023,12,67.5
721,30,12,Part-time,2023-01-21,2024-09-27,7,4,2024,1,59.88
722,30,12,Part-time,2023-01-21,2024-09-27,7,4,2024,2,76.39
723,30,12,Part-time,2023-01-21,2024-09-27,7,4,2024,3,93.92
724,30,12,Part-time,2023-01-21,2024-09-27,7,4,2024,4,80.56
725,30,12,Part-time,2023-01-21,2024-09-27,7,4,2024,5,73.58
726,30,12,Part-time,2023-01-21,2024-09-27,7,4,2024,6,67.27
727,30,12,Part-time,2023-01-21,2024-09-27,7,4,2024,7,91.15
728,30,12,Part-time,2023-01-21,2024-09-27,7,4,2024,8,73.77
729,30,12,Part-time,2023-01-21,2024-09-27,7,4,2024,9,67.84
730,24,5,Part-time,2024-06-03,2024-06-05,0,0,2024,6,65.48
731,1,1,Part-time,2024-06-06,2024-09-14,6,2,2024,6,84.65
732,1,1,Part-time,2024-06-06,2024-09-14,6,2,2024,7,85.45
733,1,1,Part-time,2024-06-06,2024-09-14,6,2,2024,8,68.43
734,1,1,Part-time,2024-06-06,2024-09-14,6,2,2024,9,64.04
735,5,16,Part-time,2023-06-01,2024-06-26,7,7,2023,6,66.53
736,5,16,Part-time,2023-06-01,2024-06-26,7,7,2023,7,61.8
737,5,16,Part-time,2023-06-01,2024-06-26,7,7,2023,7,70.85
738,5,16,Part-time,2023-06-01,2024-06-26,7,7,2023,8,78.11
739,5,16,Part-time,2023-06-01,2024-06-26,7,7,2023,9,69.75
740,5,16,Part-time,2023-06-01,2024-06-26,7,7,2023,10,85.61
741,5,16,Part-time,2023-06-01,2024-06-26,7,7,2023,11,68.68
742,5,16,Part-time,2023-06-01,2024-06-26,7,7,2023,12,77.38
743,5,16,Part-time,2023-06-01,2024-06-26,7,7,2024,1,82.19
744,5,16,Part-time,2023-06-01,2024-06-26,7,7,2024,2,95.78
745,5,16,Part-time,2023-06-01,2024-06-26,7,7,2024,3,78.28
746,5,16,Part-time,2023-06-01,2024-06-26,7,7,2024,4,74.04
747,5,16,Part-time,2023-06-01,2024-06-26,7,7,2024,5,77.35
748,5,16,Part-time,2023-06-01,2024-06-26,7,7,2024,6,60.64
