Consultant_ID,Title,StartDate,EventType
C0001,1,2010-10-14,Hire
C0002,1,2010-07-31,Hire
C0003,1,2010-05-26,Hire
C0004,1,2010-03-07,Hire
C0005,1,2010-09-17,Hire
C0006,1,2010-04-06,Hire
C0007,1,2010-04-29,Hire
C0008,1,2010-05-25,Hire
C0009,1,2010-11-23,Hire
C0010,1,2010-02-14,Hire
C0011,1,2010-09-23,Hire
C0012,1,2010-10-18,Hire
C0013,1,2010-10-03,Hire
C0014,1,2010-11-19,Hire
C0015,1,2010-11-11,Hire
C0016,1,2010-11-25,Hire
C0017,1,2010-05-21,Hire
C0018,1,2010-09-17,Hire
C0019,1,2010-05-14,Hire
C0020,1,2010-05-15,Hire
C0021,1,2010-05-12,Hire
C0022,1,2010-10-16,Hire
C0023,1,2010-09-27,Hire
C0024,1,2010-11-11,Hire
C0025,1,2010-05-22,Hire
C0026,1,2010-04-21,Hire
C0027,1,2010-11-04,Hire
C0028,1,2010-08-22,Hire
C0029,1,2010-05-21,Hire
C0030,1,2010-09-01,Hire
C0031,1,2010-02-02,Hire
C0032,1,2010-04-25,Hire
C0033,1,2010-04-09,Hire
C0034,1,2010-04-13,Hire
C0035,1,2010-04-08,Hire
C0036,1,2010-11-01,Hire
C0037,1,2010-05-13,Hire
C0038,1,2010-09-21,Hire
C0039,2,2010-11-22,Hire
C0040,2,2010-09-25,Hire
C0041,2,2010-11-16,Hire
C0042,2,2010-03-17,Hire
C0043,2,2010-03-17,Hire
C0044,2,2010-11-23,Hire
C0045,2,2010-03-16,Hire
C0046,2,2010-01-15,Hire
C0047,2,2010-03-26,Hire
C0048,2,2010-04-05,Hire
C0049,2,2010-11-30,Hire
C0050,2,2010-05-26,Hire
C0051,2,2010-09-20,Hire
C0052,2,2010-05-15,Hire
C0053,2,2010-11-15,Hire
C0054,2,2010-04-09,Hire
C0055,2,2010-10-07,Hire
C0056,2,2010-10-28,Hire
C0057,2,2010-10-14,Hire
C0058,3,2010-10-23,Hire
C0059,3,2010-03-07,Hire
C0060,3,2010-05-01,Hire
C0061,3,2010-03-09,Hire
C0062,3,2010-07-14,Hire
C0063,3,2010-11-18,Hire
C0064,3,2010-10-03,Hire
C0065,3,2010-03-11,Hire
C0066,3,2010-05-25,Hire
C0067,3,2010-05-24,Hire
C0068,3,2010-05-05,Hire
C0069,3,2010-11-16,Hire
C0070,3,2010-03-06,Hire
C0071,3,2010-05-24,Hire
C0072,3,2010-07-07,Hire
C0073,3,2010-10-13,Hire
C0074,4,2010-04-22,Hire
C0075,4,2010-04-10,Hire
C0076,4,2010-11-21,Hire
C0077,4,2010-10-19,Hire
C0078,4,2010-03-24,Hire
C0079,4,2010-04-14,Hire
C0080,4,2010-03-23,Hire
C0081,4,2010-12-12,Hire
C0082,4,2010-10-26,Hire
C0083,4,2010-11-30,Hire
C0084,4,2010-09-25,Hire
C0085,4,2010-05-27,Hire
C0086,4,2010-11-14,Hire
C0087,4,2010-10-19,Hire
C0088,5,2010-10-09,Hire
C0089,5,2010-11-30,Hire
C0090,5,2010-09-14,Hire
C0091,5,2010-11-06,Hire
C0092,5,2010-09-27,Hire
C0093,5,2010-05-13,Hire
C0094,5,2010-09-22,Hire
C0095,6,2010-03-14,Hire
C0096,6,2010-04-30,Hire
C0097,6,2010-09-23,Hire
C0098,6,2010-06-28,Hire
C0099,6,2010-04-20,Hire
C0100,6,2010-09-02,Hire
C0101,1,2011-03-23,Hire
C0102,1,2011-01-30,Hire
C0103,1,2011-09-30,Hire
C0104,1,2011-03-01,Hire
C0105,1,2011-05-28,Hire
C0106,1,2011-09-23,Hire
C0107,1,2011-11-22,Hire
C0108,1,2011-10-14,Hire
C0109,1,2011-09-21,Hire
C0110,1,2011-03-25,Hire
C0111,1,2011-05-26,Hire
C0112,1,2011-08-04,Hire
C0113,1,2011-05-05,Hire
C0114,1,2011-09-09,Hire
C0115,1,2011-05-20,Hire
C0116,1,2011-09-15,Hire
C0117,1,2011-03-16,Hire
C0118,1,2011-11-05,Hire
C0119,1,2011-10-10,Hire
C0120,1,2011-04-03,Hire
C0121,1,2011-02-16,Hire
C0122,1,2011-03-03,Hire
C0123,1,2011-04-29,Hire
C0124,1,2011-09-08,Hire
C0125,1,2011-04-07,Hire
C0126,2,2011-03-09,Hire
C0127,2,2011-11-30,Hire
C0128,2,2011-06-18,Hire
C0129,2,2011-05-26,Hire
C0130,2,2011-03-15,Hire
C0131,2,2011-01-02,Hire
C0132,2,2011-05-08,Hire
C0133,2,2011-10-30,Hire
C0134,2,2011-03-02,Hire
C0135,2,2011-10-26,Hire
C0136,2,2011-11-18,Hire
C0137,2,2011-06-05,Hire
C0138,3,2011-03-18,Hire
C0139,3,2011-09-09,Hire
C0140,3,2011-04-16,Hire
C0141,3,2011-06-30,Hire
C0142,3,2011-11-23,Hire
C0143,3,2011-05-11,Hire
C0144,3,2011-11-25,Hire
C0145,3,2011-05-08,Hire
C0146,3,2011-10-25,Hire
C0147,3,2011-01-07,Hire
C0148,3,2011-09-01,Hire
C0149,3,2011-03-30,Hire
C0150,3,2011-10-07,Hire
C0151,3,2011-04-28,Hire
C0152,3,2011-03-20,Hire
C0153,3,2011-04-22,Hire
C0154,3,2011-11-17,Hire
C0155,3,2011-05-02,Hire
C0156,3,2011-04-18,Hire
C0157,4,2011-07-30,Hire
C0158,4,2011-11-09,Hire
C0159,4,2011-06-10,Hire
C0160,4,2011-09-06,Hire
C0161,4,2011-03-21,Hire
C0162,4,2011-03-21,Hire
C0163,4,2011-09-15,Hire
C0164,4,2011-09-15,Hire
C0165,4,2011-01-01,Hire
C0166,4,2011-04-11,Hire
C0167,4,2011-10-25,Hire
C0168,4,2011-03-23,Hire
C0169,5,2011-05-08,Hire
C0170,5,2011-03-05,Hire
C0171,5,2011-03-21,Hire
C0172,5,2011-10-14,Hire
C0173,5,2011-11-15,Hire
C0174,5,2011-09-22,Hire
C0175,5,2011-06-10,Hire
C0176,5,2011-04-17,Hire
C0177,5,2011-04-26,Hire
C0178,5,2011-04-03,Hire
C0179,5,2011-04-19,Hire
C0180,6,2011-07-04,Hire
C0181,6,2011-03-19,Hire
C0182,6,2011-09-29,Hire
C0183,1,2012-03-24,Hire
C0184,1,2012-05-03,Hire
C0185,1,2012-04-12,Hire
C0186,1,2012-05-06,Hire
C0187,1,2012-03-12,Hire
C0188,1,2012-01-27,Hire
C0189,1,2012-05-05,Hire
C0190,1,2012-04-06,Hire
C0191,1,2012-10-24,Hire
C0192,1,2012-05-11,Hire
C0193,1,2012-04-09,Hire
C0194,1,2012-09-30,Hire
C0195,1,2012-04-06,Hire
C0196,1,2012-09-14,Hire
C0197,1,2012-01-21,Hire
C0198,1,2012-03-03,Hire
C0199,1,2012-11-07,Hire
C0200,1,2012-10-16,Hire
C0201,1,2012-09-06,Hire
C0202,1,2012-04-26,Hire
C0203,1,2012-11-09,Hire
C0204,1,2012-10-30,Hire
C0205,1,2012-03-28,Hire
C0206,1,2012-05-28,Hire
C0207,1,2012-10-19,Hire
C0208,1,2012-07-20,Hire
C0001,2,2012-12-15,Promotion
C0002,2,2012-10-11,Promotion
C0003,2,2012-11-29,Promotion
C0005,2,2012-04-22,Promotion
C0006,2,2012-01-07,Promotion
C0007,2,2012-12-01,Promotion
C0008,2,2012-03-06,Promotion
C0009,2,2012-02-27,Promotion
C0010,2,2012-05-03,Promotion
C0011,2,2012-11-07,Promotion
C0012,2,2012-07-16,Promotion
C0013,2,2012-06-18,Promotion
C0014,2,2012-03-08,Attrition
C0015,2,2012-02-29,Promotion
C0016,2,2012-05-07,Promotion
C0017,2,2012-12-14,Promotion
C0018,2,2012-06-02,Promotion
C0019,2,2012-04-04,Promotion
C0020,2,2012-08-15,Promotion
C0021,2,2012-08-31,Promotion
C0022,2,2012-12-15,Promotion
C0024,2,2012-07-24,Promotion
C0025,2,2012-04-10,Promotion
C0047,3,2012-05-08,Promotion
C0053,3,2012-07-16,Promotion
C0209,3,2012-08-26,Hire
C0210,3,2012-10-07,Hire
C0211,3,2012-03-19,Hire
C0212,3,2012-04-22,Hire
C0213,3,2012-10-18,Hire
C0214,3,2012-03-20,Hire
C0215,3,2012-04-29,Hire
C0216,3,2012-04-09,Hire
C0217,3,2012-03-04,Hire
C0218,3,2012-05-26,Hire
C0219,3,2012-11-04,Hire
C0220,3,2012-04-29,Hire
C0221,3,2012-04-10,Hire
C0222,3,2012-10-10,Hire
C0223,3,2012-10-20,Hire
C0224,3,2012-09-04,Hire
C0225,3,2012-09-06,Hire
C0226,3,2012-10-20,Hire
C0227,4,2012-11-12,Hire
C0228,4,2012-11-05,Hire
C0229,4,2012-03-23,Hire
C0230,4,2012-04-10,Hire
C0231,4,2012-03-27,Hire
C0232,4,2012-10-01,Hire
C0233,4,2012-12-16,Hire
C0234,4,2012-09-09,Hire
C0235,4,2012-09-30,Hire
C0236,4,2012-03-18,Hire
C0237,4,2012-05-08,Hire
C0238,4,2012-11-24,Hire
C0239,4,2012-03-27,Hire
C0240,4,2012-08-29,Hire
C0241,4,2012-11-06,Hire
C0242,4,2012-03-04,Hire
C0243,4,2012-03-25,Hire
C0244,4,2012-09-22,Hire
C0245,4,2012-11-07,Hire
C0246,4,2012-09-25,Hire
C0080,5,2012-04-07,Promotion
C0085,5,2012-11-26,Promotion
C0087,5,2012-08-05,Promotion
C0247,5,2012-04-23,Hire
C0248,5,2012-09-19,Hire
C0249,5,2012-04-24,Hire
C0250,5,2012-11-30,Hire
C0251,5,2012-03-09,Hire
C0252,5,2012-09-02,Hire
C0253,5,2012-11-25,Hire
C0254,5,2012-04-16,Hire
C0088,6,2012-07-16,Promotion
C0255,6,2012-09-23,Hire
C0256,6,2012-10-28,Hire
C0257,6,2012-09-20,Hire
C0258,6,2012-05-27,Hire
C0259,6,2012-05-20,Hire
C0260,1,2013-01-10,Hire
C0261,1,2013-10-23,Hire
C0262,1,2013-05-08,Hire
C0263,1,2013-12-16,Hire
C0264,1,2013-03-27,Hire
C0265,1,2013-04-12,Hire
C0266,1,2013-03-12,Hire
C0267,1,2013-03-25,Hire
C0268,1,2013-02-19,Hire
C0269,1,2013-09-13,Hire
C0270,1,2013-03-15,Hire
C0271,1,2013-03-30,Hire
C0272,1,2013-03-21,Hire
C0273,1,2013-10-13,Hire
C0274,1,2013-10-03,Hire
C0275,1,2013-11-18,Hire
C0276,1,2013-09-02,Hire
C0277,1,2013-10-08,Hire
C0278,1,2013-11-02,Hire
C0279,1,2013-04-07,Hire
C0280,1,2013-03-05,Hire
C0281,1,2013-03-14,Hire
C0282,1,2013-04-23,Hire
C0283,1,2013-05-29,Hire
C0284,1,2013-11-11,Hire
C0004,2,2013-07-22,Promotion
C0023,2,2013-10-03,Promotion
C0026,2,2013-03-04,Promotion
C0027,2,2013-05-05,Promotion
C0028,2,2013-07-07,Promotion
C0029,2,2013-12-07,Promotion
C0030,2,2013-10-14,Promotion
C0031,2,2013-11-05,Promotion
C0032,2,2013-07-26,Promotion
C0033,2,2013-02-07,Promotion
C0034,2,2013-06-28,Promotion
C0035,2,2013-06-16,Promotion
C0036,2,2013-09-28,Promotion
C0037,2,2013-05-07,Promotion
C0038,2,2013-09-26,Promotion
C0101,2,2013-09-26,Promotion
C0039,3,2013-04-03,Promotion
C0040,3,2013-10-27,Promotion
C0041,3,2013-03-01,Promotion
C0042,3,2013-09-25,Promotion
C0043,3,2013-07-16,Promotion
C0044,3,2013-06-16,Promotion
C0045,3,2013-11-30,Promotion
C0046,3,2013-05-06,Promotion
C0048,3,2013-12-08,Promotion
C0049,3,2013-06-24,Promotion
C0050,3,2013-06-23,Attrition
C0051,3,2013-10-01,Promotion
C0052,3,2013-02-27,Promotion
C0054,3,2013-07-12,Promotion
C0055,3,2013-12-12,Promotion
C0062,4,2013-12-15,Promotion
C0063,4,2013-12-12,Promotion
C0065,4,2013-05-04,Promotion
C0069,4,2013-03-23,Promotion
C0072,4,2013-03-28,Promotion
C0285,4,2013-11-12,Hire
C0286,4,2013-03-03,Hire
C0287,4,2013-11-29,Hire
C0288,4,2013-03-16,Hire
C0289,4,2013-11-08,Hire
C0290,4,2013-03-11,Hire
C0291,4,2013-10-05,Hire
C0292,4,2013-03-01,Hire
C0293,4,2013-09-28,Hire
C0294,4,2013-03-09,Hire
C0074,5,2013-01-15,Promotion
C0075,5,2013-10-02,Promotion
C0077,5,2013-05-23,Promotion
C0078,5,2013-05-06,Promotion
C0079,5,2013-03-13,Promotion
C0081,5,2013-01-13,Promotion
C0082,5,2013-12-16,Promotion
C0083,5,2013-03-23,Promotion
C0084,5,2013-09-11,Promotion
C0157,5,2013-01-05,Promotion
C0159,5,2013-05-23,Promotion
C0161,5,2013-12-30,Promotion
C0165,5,2013-03-22,Promotion
C0089,6,2013-03-08,Promotion
C0090,6,2013-06-06,Promotion
C0091,6,2013-02-04,Promotion
C0295,1,2014-11-14,Hire
C0296,1,2014-11-12,Hire
C0297,1,2014-05-26,Hire
C0298,1,2014-03-28,Hire
C0299,1,2014-12-26,Hire
C0300,1,2014-05-30,Hire
C0301,1,2014-11-25,Hire
C0302,1,2014-05-07,Hire
C0303,1,2014-05-18,Hire
C0304,1,2014-04-20,Hire
C0305,1,2014-07-19,Hire
C0306,1,2014-03-06,Hire
C0307,1,2014-05-04,Hire
C0308,1,2014-05-02,Hire
C0309,1,2014-05-18,Hire
C0310,1,2014-05-26,Hire
C0311,1,2014-03-16,Hire
C0312,1,2014-11-03,Hire
C0313,1,2014-04-10,Hire
C0314,1,2014-10-10,Hire
C0315,1,2014-03-18,Hire
C0316,1,2014-04-07,Hire
C0317,1,2014-03-18,Hire
C0318,1,2014-04-23,Hire
C0319,1,2014-09-11,Hire
C0320,1,2014-03-21,Hire
C0102,2,2014-04-24,Promotion
C0103,2,2014-08-21,Promotion
C0104,2,2014-02-06,Promotion
C0105,2,2014-02-10,Promotion
C0106,2,2014-09-22,Promotion
C0107,2,2014-05-13,Promotion
C0108,2,2014-11-06,Promotion
C0109,2,2014-06-28,Promotion
C0110,2,2014-02-03,Promotion
C0111,2,2014-11-03,Promotion
C0112,2,2014-07-25,Promotion
C0113,2,2014-11-23,Promotion
C0114,2,2014-09-09,Promotion
C0115,2,2014-11-26,Promotion
C0116,2,2014-09-15,Promotion
C0117,2,2014-07-11,Promotion
C0003,3,2014-11-08,Attrition
C0011,3,2014-09-26,Promotion
C0016,3,2014-03-06,Promotion
C0017,3,2014-08-22,Promotion
C0056,3,2014-09-25,Promotion
C0057,3,2014-06-08,Promotion
C0126,3,2014-02-02,Promotion
C0127,3,2014-11-30,Promotion
C0128,3,2014-07-10,Promotion
C0129,3,2014-09-30,Promotion
C0130,3,2014-08-15,Promotion
C0131,3,2014-05-14,Promotion
C0132,3,2014-08-19,Promotion
C0133,3,2014-10-06,Attrition
C0134,3,2014-02-19,Promotion
C0135,3,2014-10-11,Promotion
C0136,3,2014-11-03,Promotion
C0137,3,2014-11-15,Promotion
C0321,3,2014-09-25,Hire
C0059,4,2014-09-10,Promotion
C0060,4,2014-09-23,Promotion
C0061,4,2014-08-29,Promotion
C0064,4,2014-07-19,Promotion
C0066,4,2014-06-29,Promotion
C0067,4,2014-11-05,Promotion
C0068,4,2014-12-01,Promotion
C0076,5,2014-08-05,Promotion
C0086,5,2014-02-23,Promotion
C0158,5,2014-12-09,Promotion
C0160,5,2014-10-13,Promotion
C0162,5,2014-01-07,Promotion
C0163,5,2014-04-21,Promotion
C0164,5,2014-12-30,Promotion
C0166,5,2014-09-13,Attrition
C0167,5,2014-10-06,Promotion
C0168,5,2014-07-13,Promotion
C0227,5,2014-11-28,Promotion
C0229,5,2014-07-03,Promotion
C0231,5,2014-04-25,Promotion
C0322,5,2014-11-03,Hire
C0080,6,2014-09-24,Promotion
C0085,6,2014-09-17,Promotion
C0087,6,2014-04-27,Promotion
C0092,6,2014-01-17,Promotion
C0323,1,2015-10-13,Hire
C0324,1,2015-08-01,Hire
C0325,1,2015-03-16,Hire
C0326,1,2015-03-23,Hire
C0327,1,2015-10-11,Hire
C0328,1,2015-05-30,Hire
C0329,1,2015-05-25,Hire
C0330,1,2015-10-12,Hire
C0331,1,2015-05-24,Hire
C0332,1,2015-09-03,Hire
C0333,1,2015-10-12,Hire
C0334,1,2015-05-02,Hire
C0335,1,2015-10-23,Hire
C0336,1,2015-04-01,Hire
C0337,1,2015-05-23,Hire
C0338,1,2015-09-25,Hire
C0339,1,2015-03-18,Hire
C0340,1,2015-03-12,Hire
C0341,1,2015-10-14,Hire
C0342,1,2015-03-20,Hire
C0343,1,2015-09-28,Hire
C0344,1,2015-11-19,Hire
C0345,1,2015-03-06,Hire
C0346,1,2015-03-25,Hire
C0347,1,2015-04-15,Hire
C0118,2,2015-04-09,Promotion
C0119,2,2015-01-16,Promotion
C0120,2,2015-06-14,Promotion
C0121,2,2015-08-01,Promotion
C0123,2,2015-01-24,Promotion
C0124,2,2015-04-05,Promotion
C0125,2,2015-08-19,Promotion
C0183,2,2015-04-15,Promotion
C0184,2,2015-01-26,Promotion
C0185,2,2015-12-15,Promotion
C0186,2,2015-08-23,Promotion
C0187,2,2015-03-19,Promotion
C0188,2,2015-11-01,Promotion
C0189,2,2015-10-30,Promotion
C0190,2,2015-08-11,Promotion
C0191,2,2015-01-20,Promotion
C0192,2,2015-05-08,Promotion
C0193,2,2015-12-10,Promotion
C0194,2,2015-12-18,Promotion
C0195,2,2015-01-02,Promotion
C0196,2,2015-08-02,Promotion
C0197,2,2015-02-14,Promotion
C0198,2,2015-06-30,Promotion
C0001,3,2015-03-11,Promotion
C0002,3,2015-08-25,Promotion
C0005,3,2015-01-11,Promotion
C0006,3,2015-12-15,Attrition
C0007,3,2015-02-01,Promotion
C0008,3,2015-05-03,Promotion
C0009,3,2015-07-29,Promotion
C0010,3,2015-02-11,Promotion
C0012,3,2015-10-10,Promotion
C0013,3,2015-11-07,Promotion
C0015,3,2015-04-26,Promotion
C0018,3,2015-09-17,Promotion
C0019,3,2015-04-09,Promotion
C0020,3,2015-10-22,Promotion
C0021,3,2015-03-17,Promotion
C0022,3,2015-11-09,Promotion
C0024,3,2015-08-31,Promotion
C0025,3,2015-08-26,Promotion
C0047,4,2015-12-15,Promotion
C0053,4,2015-03-03,Promotion
C0058,4,2015-09-18,Promotion
C0070,4,2015-05-11,Promotion
C0071,4,2015-05-02,Promotion
C0073,4,2015-10-26,Promotion
C0138,4,2015-12-06,Promotion
C0139,4,2015-04-12,Promotion
C0140,4,2015-08-27,Promotion
C0141,4,2015-06-21,Promotion
C0142,4,2015-07-03,Promotion
C0143,4,2015-09-23,Promotion
C0144,4,2015-08-30,Promotion
C0062,5,2015-09-30,Promotion
C0063,5,2015-08-12,Promotion
C0065,5,2015-10-26,Promotion
C0069,5,2015-06-06,Promotion
C0072,5,2015-07-02,Promotion
C0230,5,2015-09-12,Promotion
C0232,5,2015-12-23,Promotion
C0233,5,2015-07-27,Promotion
C0234,5,2015-10-11,Promotion
C0235,5,2015-01-07,Promotion
C0236,5,2015-07-12,Promotion
C0093,6,2015-05-10,Promotion
C0094,6,2015-03-03,Promotion
C0157,6,2015-06-03,Promotion
C0159,6,2015-08-14,Promotion
C0161,6,2015-05-28,Promotion
C0169,6,2015-12-09,Promotion
C0170,6,2015-04-17,Promotion
C0171,6,2015-02-25,Promotion
C0348,1,2016-04-26,Hire
C0349,1,2016-04-27,Hire
C0350,1,2016-09-22,Hire
C0351,1,2016-04-14,Hire
C0352,1,2016-05-29,Hire
C0353,1,2016-09-16,Hire
C0354,1,2016-05-02,Hire
C0355,1,2016-04-16,Hire
C0356,1,2016-02-19,Hire
C0357,1,2016-03-05,Hire
C0358,1,2016-04-21,Hire
C0359,1,2016-03-26,Hire
C0360,1,2016-03-10,Hire
C0361,1,2016-11-20,Hire
C0362,1,2016-07-30,Hire
C0363,1,2016-04-29,Hire
C0364,1,2016-03-18,Hire
C0365,1,2016-10-10,Hire
C0366,1,2016-01-23,Hire
C0367,1,2016-05-11,Hire
C0368,1,2016-03-29,Hire
C0199,2,2016-12-26,Promotion
C0200,2,2016-08-17,Promotion
C0201,2,2016-07-16,Promotion
C0202,2,2016-02-10,Promotion
C0203,2,2016-06-30,Promotion
C0204,2,2016-06-13,Promotion
C0205,2,2016-01-28,Promotion
C0207,2,2016-06-15,Promotion
C0260,2,2016-04-27,Promotion
C0261,2,2016-06-05,Promotion
C0262,2,2016-06-11,Promotion
C0263,2,2016-02-22,Promotion
C0264,2,2016-09-10,Promotion
C0265,2,2016-04-28,Promotion
C0266,2,2016-03-29,Promotion
C0267,2,2016-07-01,Promotion
C0268,2,2016-01-27,Promotion
C0269,2,2016-10-23,Promotion
C0270,2,2016-11-24,Promotion
C0271,2,2016-02-23,Attrition
C0272,2,2016-11-06,Promotion
C0273,2,2016-02-02,Promotion
C0026,3,2016-01-31,Promotion
C0027,3,2016-06-09,Promotion
C0028,3,2016-12-18,Promotion
C0029,3,2016-02-19,Promotion
C0030,3,2016-03-26,Promotion
C0031,3,2016-04-29,Promotion
C0032,3,2016-09-05,Promotion
C0033,3,2016-06-26,Promotion
C0034,3,2016-11-25,Promotion
C0035,3,2016-07-25,Promotion
C0036,3,2016-03-07,Promotion
C0037,3,2016-09-12,Promotion
C0101,3,2016-07-21,Promotion
C0102,3,2016-04-05,Promotion
C0103,3,2016-12-18,Promotion
C0106,3,2016-04-17,Promotion
C0107,3,2016-11-11,Promotion
C0108,3,2016-05-21,Promotion
C0115,3,2016-01-27,Promotion
C0369,3,2016-03-19,Hire
C0145,4,2016-10-04,Promotion
C0146,4,2016-07-23,Promotion
C0147,4,2016-05-02,Promotion
C0148,4,2016-02-04,Promotion
C0149,4,2016-09-19,Promotion
C0150,4,2016-07-30,Promotion
C0151,4,2016-08-08,Promotion
C0152,4,2016-01-16,Promotion
C0153,4,2016-12-20,Promotion
C0154,4,2016-02-01,Promotion
C0155,4,2016-10-31,Promotion
C0156,4,2016-07-28,Promotion
C0228,5,2016-06-10,Promotion
C0237,5,2016-08-30,Promotion
C0238,5,2016-01-28,Promotion
C0074,6,2016-10-10,Promotion
C0075,6,2016-12-05,Promotion
C0077,6,2016-06-11,Promotion
C0370,1,2017-03-26,Hire
C0371,1,2017-03-22,Hire
C0372,1,2017-04-28,Hire
C0373,1,2017-04-21,Hire
C0374,1,2017-04-01,Hire
C0375,1,2017-11-01,Hire
C0376,1,2017-07-31,Hire
C0377,1,2017-03-13,Hire
C0378,1,2017-11-01,Hire
C0379,1,2017-07-31,Hire
C0380,1,2017-03-08,Hire
C0381,1,2017-05-27,Hire
C0382,1,2017-05-16,Hire
C0383,1,2017-12-22,Hire
C0384,1,2017-06-29,Hire
C0385,1,2017-11-10,Hire
C0386,1,2017-03-29,Hire
C0387,1,2017-04-11,Hire
C0388,1,2017-11-01,Hire
C0389,1,2017-04-22,Hire
C0390,1,2017-09-17,Hire
C0391,1,2017-10-25,Hire
C0392,1,2017-09-21,Hire
C0393,1,2017-08-12,Hire
C0394,1,2017-09-21,Hire
C0395,1,2017-04-22,Hire
C0396,1,2017-11-18,Hire
C0397,1,2017-09-02,Hire
C0398,1,2017-11-08,Hire
C0399,1,2017-07-23,Hire
C0400,1,2017-06-07,Hire
C0401,1,2017-04-20,Hire
C0274,2,2017-08-10,Promotion
C0275,2,2017-10-22,Promotion
C0276,2,2017-01-16,Promotion
C0278,2,2017-08-29,Promotion
C0279,2,2017-08-04,Promotion
C0280,2,2017-05-04,Promotion
C0281,2,2017-01-05,Promotion
C0282,2,2017-12-02,Promotion
C0283,2,2017-05-29,Promotion
C0284,2,2017-01-16,Promotion
C0295,2,2017-05-31,Promotion
C0296,2,2017-05-17,Promotion
C0297,2,2017-03-22,Promotion
C0298,2,2017-11-14,Promotion
C0299,2,2017-06-21,Promotion
C0004,3,2017-09-04,Promotion
C0023,3,2017-03-27,Promotion
C0038,3,2017-03-23,Promotion
C0104,3,2017-06-10,Promotion
C0105,3,2017-05-26,Promotion
C0109,3,2017-09-13,Promotion
C0110,3,2017-10-23,Promotion
C0111,3,2017-11-26,Promotion
C0112,3,2017-11-21,Promotion
C0113,3,2017-08-04,Promotion
C0116,3,2017-06-14,Promotion
C0117,3,2017-03-30,Promotion
C0183,3,2017-07-05,Promotion
C0011,4,2017-08-09,Promotion
C0016,4,2017-04-18,Promotion
C0017,4,2017-10-01,Promotion
C0039,4,2017-02-02,Promotion
C0040,4,2017-02-28,Promotion
C0041,4,2017-05-11,Promotion
C0042,4,2017-01-30,Promotion
C0043,4,2017-03-26,Promotion
C0044,4,2017-04-15,Attrition
C0045,4,2017-08-04,Promotion
C0046,4,2017-09-22,Promotion
C0048,4,2017-06-09,Promotion
C0049,4,2017-07-13,Promotion
C0051,4,2017-08-07,Promotion
C0052,4,2017-07-26,Promotion
C0054,4,2017-07-10,Promotion
C0047,5,2017-07-15,Promotion
C0053,5,2017-12-27,Promotion
C0059,5,2017-09-21,Promotion
C0060,5,2017-12-14,Promotion
C0061,5,2017-07-23,Promotion
C0064,5,2017-06-29,Promotion
C0066,5,2017-02-24,Promotion
C0067,5,2017-02-27,Promotion
C0068,5,2017-01-29,Promotion
C0062,6,2017-06-04,Promotion
C0063,6,2017-02-27,Promotion
C0065,6,2017-01-31,Promotion
C0069,6,2017-03-23,Promotion
C0072,6,2017-12-26,Promotion
C0078,6,2017-01-22,Promotion
C0079,6,2017-01-26,Promotion
C0402,1,2018-03-18,Hire
C0403,1,2018-04-07,Hire
C0404,1,2018-09-02,Hire
C0405,1,2018-03-03,Hire
C0406,1,2018-05-15,Hire
C0407,1,2018-09-04,Hire
C0408,1,2018-05-14,Hire
C0409,1,2018-10-03,Hire
C0410,1,2018-05-01,Hire
C0411,1,2018-04-14,Hire
C0412,1,2018-12-06,Hire
C0413,1,2018-09-27,Hire
C0414,1,2018-03-27,Hire
C0415,1,2018-12-02,Hire
C0416,1,2018-05-18,Hire
C0417,1,2018-10-07,Hire
C0418,1,2018-10-05,Hire
C0419,1,2018-09-02,Hire
C0420,1,2018-10-29,Hire
C0421,1,2018-05-08,Hire
C0422,1,2018-10-13,Hire
C0423,1,2018-04-02,Hire
C0424,1,2018-04-21,Hire
C0425,1,2018-11-16,Hire
C0300,2,2018-12-04,Promotion
C0301,2,2018-12-09,Promotion
C0302,2,2018-03-27,Attrition
C0303,2,2018-03-25,Promotion
C0304,2,2018-12-30,Promotion
C0305,2,2018-03-15,Promotion
C0306,2,2018-03-24,Promotion
C0307,2,2018-11-09,Promotion
C0308,2,2018-10-21,Promotion
C0309,2,2018-05-03,Promotion
C0310,2,2018-08-24,Promotion
C0311,2,2018-11-12,Attrition
C0312,2,2018-02-03,Promotion
C0313,2,2018-12-12,Promotion
C0314,2,2018-06-17,Promotion
C0315,2,2018-08-20,Promotion
C0316,2,2018-11-22,Promotion
C0317,2,2018-11-03,Promotion
C0114,3,2018-05-13,Promotion
C0118,3,2018-02-11,Promotion
C0119,3,2018-08-07,Attrition
C0120,3,2018-04-22,Promotion
C0121,3,2018-07-22,Promotion
C0123,3,2018-05-24,Promotion
C0124,3,2018-02-14,Promotion
C0125,3,2018-08-31,Promotion
C0184,3,2018-05-09,Promotion
C0185,3,2018-05-05,Promotion
C0186,3,2018-04-23,Promotion
C0187,3,2018-02-06,Promotion
C0188,3,2018-01-26,Promotion
C0189,3,2018-07-30,Attrition
C0190,3,2018-04-25,Promotion
C0191,3,2018-11-11,Attrition
C0192,3,2018-08-02,Promotion
C0193,3,2018-12-20,Promotion
C0055,4,2018-02-14,Promotion
C0056,4,2018-10-29,Promotion
C0057,4,2018-09-05,Promotion
C0126,4,2018-11-13,Promotion
C0127,4,2018-09-03,Promotion
C0128,4,2018-12-05,Promotion
C0129,4,2018-10-18,Promotion
C0130,4,2018-05-03,Promotion
C0131,4,2018-05-30,Promotion
C0132,4,2018-09-27,Promotion
C0134,4,2018-08-22,Promotion
C0135,4,2018-07-26,Promotion
C0070,5,2018-01-06,Promotion
C0071,5,2018-05-01,Promotion
C0073,5,2018-04-02,Promotion
C0138,5,2018-12-29,Promotion
C0139,5,2018-09-23,Promotion
C0140,5,2018-07-13,Promotion
C0141,5,2018-12-24,Promotion
C0142,5,2018-06-16,Promotion
C0143,5,2018-02-08,Promotion
C0144,5,2018-06-26,Promotion
C0076,6,2018-07-08,Promotion
C0081,6,2018-03-23,Promotion
C0082,6,2018-11-14,Promotion
C0426,1,2019-05-12,Hire
C0427,1,2019-04-24,Hire
C0428,1,2019-04-07,Hire
C0429,1,2019-04-13,Hire
C0430,1,2019-03-25,Hire
C0431,1,2019-05-03,Hire
C0432,1,2019-03-12,Hire
C0433,1,2019-11-30,Hire
C0434,1,2019-05-27,Hire
C0435,1,2019-09-30,Hire
C0436,1,2019-03-03,Hire
C0437,1,2019-11-22,Hire
C0438,1,2019-09-23,Hire
C0439,1,2019-05-26,Hire
C0440,1,2019-09-29,Hire
C0441,1,2019-09-21,Hire
C0442,1,2019-05-26,Hire
C0443,1,2019-03-20,Hire
C0444,1,2019-06-25,Hire
C0445,1,2019-05-21,Hire
C0446,1,2019-09-12,Hire
C0447,1,2019-11-19,Hire
C0448,1,2019-04-02,Hire
C0449,1,2019-11-09,Hire
C0450,1,2019-10-04,Hire
C0451,1,2019-05-30,Hire
C0452,1,2019-08-23,Hire
C0453,1,2019-02-14,Hire
C0323,2,2019-11-12,Promotion
C0324,2,2019-06-15,Promotion
C0325,2,2019-02-24,Promotion
C0326,2,2019-02-14,Promotion
C0328,2,2019-10-04,Promotion
C0329,2,2019-03-30,Promotion
C0331,2,2019-12-12,Promotion
C0332,2,2019-04-24,Promotion
C0333,2,2019-01-13,Promotion
C0334,2,2019-06-09,Promotion
C0336,2,2019-04-07,Promotion
C0337,2,2019-04-22,Promotion
C0338,2,2019-04-28,Promotion
C0339,2,2019-12-10,Attrition
C0340,2,2019-07-07,Promotion
C0343,2,2019-04-29,Promotion
C0344,2,2019-04-04,Promotion
C0194,3,2019-01-11,Promotion
C0195,3,2019-12-25,Promotion
C0196,3,2019-05-29,Promotion
C0197,3,2019-07-29,Promotion
C0198,3,2019-12-24,Promotion
C0199,3,2019-01-15,Promotion
C0200,3,2019-12-28,Promotion
C0201,3,2019-05-01,Promotion
C0202,3,2019-01-10,Promotion
C0203,3,2019-03-21,Promotion
C0204,3,2019-07-22,Promotion
C0205,3,2019-12-16,Promotion
C0207,3,2019-07-30,Promotion
C0260,3,2019-04-09,Promotion
C0261,3,2019-09-20,Promotion
C0263,3,2019-04-01,Promotion
C0264,3,2019-03-13,Promotion
C0265,3,2019-01-17,Promotion
C0266,3,2019-01-30,Attrition
C0267,3,2019-08-23,Promotion
C0268,3,2019-12-27,Promotion
C0269,3,2019-04-05,Promotion
C0270,3,2019-06-05,Promotion
C0272,3,2019-04-29,Promotion
C0273,3,2019-08-06,Promotion
C0299,3,2019-01-23,Promotion
C0001,4,2019-07-14,Promotion
C0002,4,2019-05-07,Promotion
C0005,4,2019-05-25,Promotion
C0007,4,2019-07-05,Promotion
C0008,4,2019-05-24,Promotion
C0009,4,2019-02-08,Promotion
C0010,4,2019-03-27,Promotion
C0012,4,2019-09-08,Promotion
C0013,4,2019-02-06,Promotion
C0015,4,2019-09-10,Promotion
C0018,4,2019-03-01,Promotion
C0019,4,2019-09-08,Promotion
C0020,4,2019-02-05,Attrition
C0021,4,2019-05-04,Promotion
C0022,4,2019-11-03,Promotion
C0024,4,2019-01-18,Promotion
C0011,5,2019-03-24,Promotion
C0016,5,2019-03-17,Promotion
C0017,5,2019-04-12,Promotion
C0058,5,2019-06-17,Promotion
C0145,5,2019-05-15,Promotion
C0146,5,2019-12-01,Promotion
C0147,5,2019-02-07,Promotion
C0148,5,2019-09-22,Promotion
C0047,6,2019-10-23,Promotion
C0053,6,2019-10-01,Promotion
C0086,6,2019-04-05,Promotion
C0454,1,2020-12-16,Hire
C0455,1,2020-10-07,Hire
C0456,1,2020-05-27,Hire
C0457,1,2020-11-15,Hire
C0458,1,2020-11-17,Hire
C0459,1,2020-11-11,Hire
C0460,1,2020-05-05,Hire
C0461,1,2020-01-06,Hire
C0462,1,2020-03-22,Hire
C0463,1,2020-09-25,Hire
C0464,1,2020-11-22,Hire
C0465,1,2020-03-21,Hire
C0466,1,2020-05-29,Hire
C0467,1,2020-05-20,Hire
C0468,1,2020-08-22,Hire
C0469,1,2020-04-20,Hire
C0470,1,2020-03-26,Hire
C0471,1,2020-09-21,Hire
C0472,1,2020-10-25,Hire
C0473,1,2020-09-10,Hire
C0474,1,2020-09-20,Hire
C0475,1,2020-04-05,Hire
C0476,1,2020-05-17,Hire
C0477,1,2020-03-18,Hire
C0478,1,2020-10-06,Hire
C0479,1,2020-04-16,Hire
C0480,1,2020-04-18,Hire
C0481,1,2020-09-22,Hire
C0482,1,2020-08-10,Hire
C0483,1,2020-04-01,Hire
C0350,2,2020-02-04,Promotion
C0351,2,2020-03-02,Promotion
C0352,2,2020-07-19,Promotion
C0353,2,2020-09-14,Promotion
C0354,2,2020-09-01,Promotion
C0356,2,2020-08-27,Promotion
C0358,2,2020-05-27,Promotion
C0361,2,2020-07-10,Attrition
C0362,2,2020-09-14,Promotion
C0363,2,2020-01-12,Promotion
C0364,2,2020-05-13,Promotion
C0366,2,2020-02-11,Promotion
C0367,2,2020-03-17,Promotion
C0368,2,2020-09-24,Promotion
C0370,2,2020-12-04,Promotion
C0371,2,2020-02-19,Promotion
C0372,2,2020-05-17,Promotion
C0373,2,2020-02-12,Attrition
C0374,2,2020-01-16,Promotion
C0262,3,2020-08-11,Promotion
C0275,3,2020-03-24,Promotion
C0276,3,2020-04-24,Promotion
C0278,3,2020-10-20,Promotion
C0279,3,2020-03-29,Promotion
C0281,3,2020-01-10,Promotion
C0282,3,2020-04-14,Promotion
C0283,3,2020-11-25,Promotion
C0284,3,2020-04-21,Promotion
C0297,3,2020-01-10,Promotion
C0298,3,2020-03-19,Promotion
C0484,3,2020-05-29,Hire
C0485,3,2020-09-11,Hire
C0486,3,2020-04-24,Hire
C0487,3,2020-09-21,Hire
C0488,3,2020-05-06,Hire
C0025,4,2020-04-07,Promotion
C0026,4,2020-08-01,Promotion
C0027,4,2020-12-16,Promotion
C0028,4,2020-12-10,Promotion
C0029,4,2020-07-04,Promotion
C0030,4,2020-08-30,Promotion
C0031,4,2020-07-29,Promotion
C0032,4,2020-05-22,Promotion
C0033,4,2020-07-19,Promotion
C0034,4,2020-05-05,Promotion
C0035,4,2020-04-29,Promotion
C0036,4,2020-02-27,Promotion
C0037,4,2020-10-04,Promotion
C0039,5,2020-08-19,Promotion
C0040,5,2020-01-08,Promotion
C0041,5,2020-06-10,Promotion
C0059,6,2020-02-01,Promotion
C0060,6,2020-01-01,Promotion
C0061,6,2020-11-05,Promotion
C0064,6,2020-02-11,Promotion
